ccn,lat,lon
670280,30.027,-95.5372
510022,38.5283,-81.6439
190146,30.024,-90.1722
190204,30.2445,-89.6922
520202,44.8987,-89.5035
351328,46.2586,-100.2707
450370,29.6912,-96.5544
050697,40.5771,-122.4469
190307,29.8534,-93.5501
190315,30.1164,-93.275
450508,31.5491,-94.5241
191303,29.8853,-91.0414
191321,30.6118,-90.5407
450253,29.9901,-96.2445
360037,41.4805,-81.6787
340144,35.8651,-80.8965
360071,40.8743,-84.5733
210002,39.2951,-76.6376
210006,39.5673,-76.1449
180106,36.7232,-85.1199
521304,43.5757,-90.4297
360090,41.5588,-83.6798
450672,32.7146,-97.323
050423,33.7038,-114.6435
060049,40.5705,-106.8715
450697,29.2929,-98.539
060118,39.4836,-106.1648
050350,33.9955,-118.0968
521309,43.9928,-89.8207
450099,35.5177,-100.8901
171357,38.3248,-97.2258
450078,32.7595,-99.895
331313,42.2075,-76.8272
230021,42.0669,-86.4594
670061,27.6785,-97.3824
521316,44.3807,-91.2921
230096,41.8407,-85.4471
070039,41.4469,-72.8074
450871,30.3054,-97.8081
170166,37.0431,-101.8722
170150,37.0856,-96.9893
450877,31.7667,-106.2874
441311,36.2949,-87.0732
090003,38.9222,-77.0083
370002,36.4715,-99.3987
370006,36.7189,-97.1582
500108,47.2307,-122.4664
370030,36.811,-97.2854
050096,34.0675,-117.9327
370041,35.9959,-95.9904
231309,46.796,-89.4296
520091,45.95,-89.6603
231317,43.422,-85.2331
370139,36.3083,-97.2714
330163,43.1715,-78.6991
161316,42.9791,-91.8435
451345,33.647,-101.2047
100106,30.1542,-83.6575
510086,37.4746,-81.544
100130,26.619,-80.5831
041314,34.2767,-91.3227
451360,32.4503,-95.1075
160029,41.6577,-91.5073
160005,42.0491,-94.8802
241335,44.3616,-92.03
371333,35.4752,-96.3203
151302,40.4653,-85.3292
451389,30.8014,-102.8407
040051,33.6452,-91.7344
380033,44.0879,-124.0341
100249,28.9614,-82.6625
500148,47.7228,-120.3796
320089,35.3477,-106.6968
320067,34.8735,-104.829
250012,34.6281,-89.2032
320038,35.5286,-108.7696
250060,31.6953,-91.0398
320003,35.5225,-104.9293
521337,45.4948,-92.6325
310091,39.5433,-75.4118
250172,34.5754,-89.9106
250163,32.0553,-89.5
150004,41.6021,-87.4922
521339,45.2172,-89.7914
141342,37.4665,-89.1606
260005,38.8418,-90.4556
110023,34.4951,-84.9671
260047,38.5153,-92.1513
110041,34.5603,-83.5779
140294,38.3382,-88.8902
521344,43.1532,-90.6858
390110,40.2775,-78.9819
421303,33.6736,-79.7482
520033,44.3733,-89.976
670109,29.8249,-94.9799
260210,38.5733,-90.2289
140167,40.8013,-87.738
420101,32.2604,-81.0404
511316,38.9674,-79.1379
261311,37.7278,-89.8609
140125,38.7017,-90.0902
390157,40.4479,-80.1103
110130,31.578,-83.2594
511317,37.9229,-81.0932
110153,32.4326,-83.7307
290022,36.1018,-115.1362
140082,41.9775,-87.6506
270004,45.8087,-108.6952
270032,48.6711,-109.7906
110189,34.8241,-84.3306
420068,33.4723,-80.833
270051,48.227,-114.4191
140059,39.1264,-90.3112
140049,41.8837,-87.79
271304,47.9376,-110.669
520017,44.9637,-91.4073
140019,39.4245,-88.8061
010090,30.6642,-88.3013
271324,48.1799,-111.9038
520013,44.76,-91.5291
271328,48.5348,-111.6977
271330,45.6308,-109.2522
271333,46.4347,-111.4357
271337,48.7313,-112.6655
271336,48.437,-114.4816
670125,29.3288,-98.4069
120004,21.5415,-158.0174
520002,44.5115,-89.6285
521357,42.5526,-88.4718
010008,31.7584,-86.2712
670781,32.7558,-99.8741
670780,31.308,-96.846
670779,33.6746,-101.2037
670322,33.0307,-96.7962
670320,29.7526,-95.5016
670319,32.9838,-96.5893
670314,29.5467,-95.6326
670309,32.5607,-97.1436
670300,32.4542,-96.9918
670285,30.0305,-95.2169
010005,34.1959,-86.1873
670783,32.4838,-95.122
491309,36.7673,-83.0151
491308,37.7413,-76.3653
491307,38.6538,-78.4523
491305,38.898,-78.5377
491304,37.7716,-79.5536
491303,37.153,-82.4454
491302,37.2318,-80.7922
491300,37.9466,-79.8883
490145,38.9837,-77.4654
500002,46.1141,-118.3059
490144,38.8757,-77.6464
490143,37.2455,-76.6956
490141,38.2162,-77.4359
490140,38.4387,-77.3601
490136,37.4647,-77.6754
490130,37.4323,-76.5359
490127,37.2977,-82.0754
490126,37.8134,-79.8847
490122,38.7589,-77.1107
490120,36.7539,-76.2354
490119,36.724,-76.0217
490118,37.5944,-77.5901
490117,37.0836,-81.5072
490116,37.0815,-80.8036
490115,36.63,-80.9312
500005,47.6461,-122.5463
500003,48.3863,-122.3718
490114,36.827,-82.749
490113,38.6068,-77.2688
490112,37.5176,-77.5174
490111,36.9598,-81.1118
490110,37.2553,-80.4155
490107,38.9541,-77.3367
490104,37.224,-77.4579
490101,38.8851,-77.3825
490098,36.72,-78.1967
490097,36.6691,-77.5574
490094,37.5504,-77.3734
490093,37.0457,-76.4016
490092,36.6701,-76.9499
490090,37.3369,-78.4166
500007,48.464,-122.6187
490089,36.9752,-79.8734
490088,37.3381,-79.5341
490084,37.9038,-76.9617
490077,38.1064,-78.4069
490075,36.5733,-79.5274
490069,37.6654,-77.3153
490067,37.135,-77.4059
490066,37.3423,-76.7662
490063,38.8477,-77.2114
490060,37.1221,-81.7881
490059,37.5834,-77.5004
490057,36.8727,-76.0574
490053,36.6709,-81.9645
490052,37.0399,-76.4947
490050,38.8684,-77.1504
490048,37.2967,-80.1285
500008,47.6347,-122.3176
490046,36.8608,-76.1903
490045,38.7523,-77.5058
490044,36.7005,-76.588
490043,39.1905,-77.5311
490042,37.1546,-80.4293
490041,37.1048,-76.5357
490040,38.7448,-77.1648
490038,36.8385,-81.5466
490037,37.7351,-75.7665
490033,38.9467,-78.1599
490032,37.5328,-77.4428
490024,37.2886,-79.928
490023,38.7002,-77.857
490022,38.2905,-77.4711
490021,37.3438,-79.1314
500011,47.4648,-122.3662
490020,37.2934,-77.2327
490019,38.4403,-78.0208
490018,38.0899,-78.9764
490017,36.8404,-76.3527
490013,36.6991,-78.9645
490009,38.0173,-78.4878
490007,36.8813,-76.2962
490005,39.2831,-78.2075
490004,38.423,-78.8726
490002,36.8705,-82.0896
471307,44.0007,-73.1901
471306,43.3305,-72.4751
471305,44.5375,-72.6262
471304,44.9117,-72.1774
471303,44.4107,-71.9669
500014,47.9975,-122.1789
471302,43.4822,-72.4392
471301,43.9849,-72.7198
471300,43.0594,-72.6873
470024,44.7759,-73.1017
470012,42.8499,-73.1472
470011,42.8566,-72.6482
470005,43.6095,-72.9115
470003,44.4836,-73.1993
470001,44.1866,-72.4588
461335,38.3443,-112.5246
461333,37.9065,-112.3737
461310,37.5308,-109.4222
461309,37.197,-112.2577
461308,37.8349,-109.3039
461307,40.3757,-111.1802
500015,47.2957,-122.258
461306,39.1828,-111.8233
461305,38.3604,-112.9404
461304,39.6869,-111.8653
461303,39.5348,-111.3871
461302,38.5068,-109.4006
461301,39.0077,-112.3877
461300,39.3983,-112.6077
460062,40.0322,-111.4159
460061,41.0721,-111.9949
460060,40.4958,-111.8523
460058,40.5014,-111.9571
460057,40.6333,-111.4969
460054,41.7577,-111.8038
460052,40.3036,-111.7011
500016,47.4146,-120.3511
460051,40.6143,-111.9796
460049,40.6759,-111.8673
460047,40.6673,-111.8119
460044,40.56,-111.8587
460043,40.3291,-111.6921
460042,40.8754,-111.8405
460041,41.0567,-111.9739
460039,41.6783,-112.2845
460030,40.4833,-109.5249
460026,38.5932,-111.7968
460023,40.4577,-111.6743
460021,37.0384,-113.558
460019,40.3452,-110.0822
460017,41.5662,-112.0506
500021,47.1603,-122.4978
500019,46.743,-122.9099
460015,41.7646,-111.8255
460014,40.5774,-112.3051
460013,39.9526,-111.7085
460011,39.5159,-110.8173
460010,40.7867,-111.8776
460009,40.6345,-111.9784
460007,37.6131,-113.3118
460006,40.7726,-111.8821
460005,41.1659,-111.9754
460004,41.2184,-111.8935
460001,40.3271,-111.5715
451399,33.5887,-99.2012
451398,35.5328,-100.9092
451397,30.2218,-96.3967
451396,30.6702,-98.7163
500024,47.1145,-122.8787
451395,32.0211,-97.1238
451394,33.4181,-99.8438
451393,31.2782,-95.4931
451392,31.6992,-98.1963
451391,28.9178,-99.1354
451390,28.5414,-99.8571
451387,29.3612,-99.8788
451386,32.6875,-101.9639
451385,31.8115,-97.5847
451384,32.9054,-100.9448
451382,31.9026,-98.6024
451381,32.9106,-95.2671
451380,32.809,-95.4269
451379,31.4383,-97.7784
451378,30.2164,-103.6159
500025,47.6172,-122.2977
451377,31.3957,-103.5781
451376,29.3797,-96.8432
451375,30.0962,-94.7699
451374,30.5676,-97.3782
451373,31.5347,-102.8789
451372,34.1687,-102.7833
451371,29.6866,-97.6242
451370,33.5526,-96.164
451369,35.6585,-101.3936
451367,32.9516,-94.9343
451366,33.6312,-102.8073
451365,30.8096,-98.2693
451364,28.7273,-97.902
451363,29.0367,-96.7278
451362,33.7622,-98.1979
451361,31.2549,-93.7252
500026,47.8575,-122.3458
451359,36.2382,-100.774
451358,32.697,-102.7225
451356,28.6216,-96.6333
451355,34.8789,-100.2152
451354,33.342,-98.7623
451353,31.4308,-102.5975
451352,34.3041,-99.7867
451351,33.1531,-101.8213
451350,34.479,-102.3556
451349,34.5712,-101.6968
451348,31.0948,-99.378
451347,31.8873,-99.4675
451346,29.216,-97.072
451344,36.2255,-101.1876
500030,48.7737,-122.5188
500027,47.6003,-122.3091
451343,33.883,-98.8639
451342,32.3418,-100.9231
451341,30.8887,-96.9285
451340,35.2124,-100.2532
451339,33.1609,-99.2906
451338,30.9316,-104.8621
451337,34.1719,-101.3695
451335,33.6549,-97.3856
451334,35.4448,-100.2052
451333,32.2008,-101.9008
451332,28.7249,-96.2187
451331,36.1089,-102.5978
451330,29.4079,-99.1436
451329,31.2445,-101.9562
451328,29.8005,-94.4025
500031,46.9772,-123.8109
451325,31.2118,-99.8848
451324,30.4489,-100.5785
451323,31.0868,-98.2428
451322,30.3544,-96.0374
451320,29.6874,-94.6417
451319,31.9574,-95.2539
451318,33.1768,-100.2638
451317,28.3282,-97.1461
451316,30.9749,-95.8984
451315,32.007,-99.9776
451314,31.8347,-103.0714
451313,32.8672,-100.4896
451312,30.6339,-97.0252
451311,29.1075,-95.7658
451310,31.7411,-99.9634
500033,47.1461,-119.3148
451309,31.1007,-102.182
451308,32.9257,-102.8934
451307,30.9,-101.9035
451306,30.4673,-99.804
451305,30.546,-96.6815
451304,30.9116,-100.6647
451303,31.5167,-96.5449
451301,31.2072,-101.5569
451300,34.6692,-102.7963
450876,33.6039,-101.9736
450875,35.2702,-102.0596
450874,32.9205,-97.0052
450872,32.6819,-97.1707
450869,26.2815,-98.1801
450867,30.3885,-97.7575
500036,46.582,-120.5463
450865,30.1571,-97.943
450864,32.3426,-95.2874
450862,30.2288,-95.5023
450860,29.6085,-95.6221
450856,29.6467,-98.49
450855,26.2499,-97.6722
450853,33.1226,-96.8251
450851,32.8122,-96.7704
450848,29.5576,-95.6316
450847,29.7606,-95.8083
450844,29.9971,-95.5678
450840,33.1031,-96.703
450834,30.6637,-96.3221
450833,32.319,-96.6046
500039,47.6632,-122.7216
500037,46.2328,-120.3792
450831,29.6634,-95.2093
450828,27.7149,-98.1391
450827,33.8219,-98.5178
450825,26.2819,-98.1945
450822,32.882,-96.9531
450820,29.5588,-95.6174
450809,30.3753,-97.7007
450808,30.3551,-97.7803
450804,29.709,-95.3923
450801,33.5299,-94.118
450788,27.7136,-97.3497
450779,32.6726,-97.4104
450775,30.0537,-95.2302
450774,29.9897,-95.4312
450771,33.0181,-96.8153
500041,46.1856,-123.0589
450755,33.6043,-102.4066
450747,31.7598,-95.5322
450743,33.2094,-97.1513
450742,32.8989,-96.5501
450730,33.0577,-96.8633
450723,32.6701,-96.8549
450718,30.5491,-97.7334
450713,30.2481,-97.7551
450711,26.1462,-98.2564
450709,29.5814,-95.0841
450702,32.4975,-94.7189
450698,33.8975,-102.3525
450694,29.217,-96.2603
450690,32.3245,-95.3937
450688,32.7681,-96.6306
500044,47.778,-117.4374
450686,33.7108,-101.8801
450684,29.9946,-95.281
450678,32.8395,-96.7068
450677,32.5269,-97.2945
450675,32.677,-97.1283
450674,29.6643,-95.4173
450670,30.1107,-95.5779
450669,32.998,-97.0184
450668,31.7746,-106.4887
450662,26.0096,-97.4448
450661,31.8482,-102.3611
450659,29.7271,-95.3769
450658,31.7797,-96.0959
450656,31.7165,-94.6442
500050,45.6104,-122.5864
450654,26.5199,-98.7394
450653,32.1817,-101.5243
450651,33.0058,-96.7259
450647,32.9052,-96.8073
450644,29.7076,-95.6394
450643,27.8514,-99.6992
450641,33.7962,-97.6988
450639,32.8185,-97.1628
450638,29.9913,-95.4424
450634,33.1453,-97.0917
450617,29.5213,-95.1334
450610,29.7695,-95.5225
450604,30.3043,-98.8717
450597,29.1126,-97.305
450596,32.3887,-97.818
450587,31.6997,-98.8945
500051,47.6068,-122.1976
450584,34.1603,-99.3041
450578,35.9362,-100.3472
450573,30.9514,-94.0744
450571,31.4623,-100.4541
450565,32.805,-98.1242
450563,32.9563,-97.0858
450539,34.189,-101.7321
450537,32.9821,-96.6707
450518,29.8691,-93.9351
450498,32.8128,-98.8991
450489,32.6883,-101.9904
450484,31.3116,-94.856
450475,32.2467,-94.7309
450469,33.6473,-96.713
450465,28.8904,-95.8869
500053,46.2175,-119.1803
450462,32.8797,-96.7411
450460,30.7573,-94.3924
450451,32.2017,-97.7628
450447,32.0954,-96.5162
450431,30.4029,-97.7725
450424,29.8127,-94.96
450422,32.7981,-96.8067
450419,32.9112,-97.5534
450411,32.4006,-98.8058
450403,33.1539,-96.6142
450400,31.6507,-96.4629
450399,33.1355,-102.3068
450395,30.7237,-94.8179
450389,32.0887,-95.9331
450388,29.5069,-98.5896
500054,47.7506,-117.4097
450379,32.9095,-96.8801
450372,32.3522,-96.8022
450369,34.3889,-100.3218
450358,29.7213,-95.3857
450352,33.1753,-96.0959
450351,32.2589,-98.2103
450347,30.6595,-95.5118
450346,30.0632,-94.0892
450330,29.4909,-95.7209
450324,33.7553,-96.5952
450292,32.5674,-96.2369
450289,29.7076,-95.459
450272,29.8667,-97.9927
450271,33.2896,-97.5101
500060,48.2201,-121.9722
500058,46.2627,-119.2935
450241,33.227,-98.1985
450237,29.4961,-98.5658
450236,33.159,-95.6025
450235,29.4926,-97.4648
450231,35.2064,-101.9037
450229,32.5609,-99.6405
450222,30.3433,-95.5107
450213,29.508,-98.5956
450211,31.3082,-94.6533
450210,32.1314,-94.2925
450209,35.2012,-101.9011
450203,32.7402,-97.7706
450200,33.3666,-94.1384
450196,33.6188,-95.4865
450194,31.9414,-95.2527
500064,47.598,-122.3191
450193,29.7251,-95.4089
450184,29.8019,-95.3971
450176,26.1891,-98.3703
450165,28.7396,-98.5641
450163,27.4247,-97.8383
450162,33.547,-101.8522
450155,34.913,-102.5122
450154,29.7164,-100.9249
450152,31.0025,-97.8223
450148,32.3,-97.5024
450147,28.7928,-96.9972
450144,32.3035,-102.6445
450143,30.0327,-97.2005
450137,32.7354,-97.3313
450135,32.7115,-97.3343
500072,48.0237,-123.3201
450133,31.9791,-102.0808
450132,31.8441,-102.3606
450128,26.0879,-97.9892
450124,30.2708,-97.7495
450119,26.2906,-98.1795
450108,29.1275,-98.2121
450107,31.7678,-106.4883
450104,29.5478,-97.935
450102,32.3122,-95.2902
450101,31.5251,-97.253
450097,29.6477,-95.1731
450092,28.9594,-100.2184
450090,33.6505,-97.1699
450087,32.8583,-97.2051
500077,47.7812,-117.4433
450085,33.0539,-98.6557
450083,32.3403,-95.2879
450082,28.431,-97.6975
450080,33.2096,-94.9809
450079,32.8129,-96.9793
450076,29.6952,-95.3951
450072,29.0583,-95.4837
450068,29.7111,-95.3844
450064,32.7487,-97.1297
450058,29.4364,-98.4888
450056,30.2868,-97.7228
450055,32.4802,-100.4018
450054,30.795,-97.4016
450051,32.7407,-96.7864
450046,27.7734,-97.3985
500084,47.8482,-121.8977
500079,47.209,-122.3368
450044,32.8378,-96.8645
450042,31.5219,-97.2783
450040,33.5528,-101.9096
450039,32.7214,-97.3339
450035,29.7488,-95.3544
450034,30.0741,-94.1219
450033,26.2379,-97.6614
450032,32.5226,-94.7346
450029,27.5545,-99.4776
450028,25.9736,-97.5453
450024,31.7472,-106.4094
450023,28.8239,-97.0023
450021,32.799,-96.7737
450018,29.3221,-94.7637
450015,32.8417,-96.8417
500088,47.4511,-122.1441
450011,30.6651,-96.3051
450010,33.9219,-98.4794
450007,30.0161,-99.1838
450002,31.7729,-106.4937
441323,36.4947,-84.5483
441320,35.2445,-89.0143
441316,36.0378,-88.1081
441314,35.7517,-89.6416
441313,36.5165,-83.2456
441310,35.4827,-85.0178
441309,35.5033,-86.7545
441307,36.2916,-85.9344
441306,35.6154,-85.2215
441305,36.5232,-85.9908
441304,36.4598,-81.84
441303,36.0791,-87.868
441301,36.4159,-86.1387
441300,35.7338,-87.5606
440779,36.3124,-87.0784
440238,35.6109,-89.2728
440231,35.9249,-86.4544
440228,35.1956,-89.8034
440227,35.9746,-86.5284
440218,36.1614,-86.7962
440200,35.8277,-86.0372
440197,36.0508,-86.726
440194,36.072,-86.8243
440193,36.2758,-86.2721
440192,35.9404,-85.4204
440187,36.3563,-85.323
440185,35.2185,-84.8761
500119,47.7696,-117.4388
440184,36.2987,-82.3703
440183,35.0832,-89.8449
440176,36.5186,-82.5907
440175,35.2758,-87.4408
440173,35.9281,-84.0718
440161,36.1478,-86.7844
440159,35.0446,-89.9162
440156,35.037,-85.2784
440153,35.957,-83.2154
440152,35.1524,-90.0523
440151,35.6564,-85.7461
440150,36.1445,-86.5873
440148,35.9255,-85.8017
440144,35.353,-86.192
500129,47.2816,-122.4805
500124,47.7031,-122.2052
440137,35.4521,-86.4849
440132,36.3024,-88.3475
440131,35.5684,-89.6274
440130,36.4144,-89.098
440125,35.9498,-83.9353
440120,35.9887,-83.9065
440111,36.1741,-86.802
440110,35.7758,-84.1989
440109,35.1413,-88.1556
440104,35.0517,-85.2768
440102,35.2504,-85.9964
440091,35.037,-85.2915
440084,35.6171,-84.4643
440082,36.1513,-86.7584
500138,47.6491,-122.3332
440081,35.736,-83.6762
440073,35.6115,-87.018
440072,36.0218,-89.3967
440068,35.4584,-84.6309
440065,36.5324,-86.83
440063,36.2855,-82.3686
440061,36.3478,-88.8209
440060,35.9185,-88.7704
440059,36.2228,-85.5511
440058,35.1978,-86.1458
440057,36.4648,-83.5124
440056,36.0846,-83.4795
440053,35.9494,-86.4563
440050,36.0659,-82.8537
440049,35.1395,-90.0007
440048,35.1105,-89.8516
500139,47.0724,-123.0356
440046,36.0754,-87.4475
440039,36.1548,-86.8141
440035,36.525,-87.3475
440034,35.9706,-84.2968
440033,36.3829,-84.0761
440032,36.4393,-82.9488
440031,35.9446,-84.5337
440030,36.2467,-83.3452
440029,35.92,-86.7853
440020,35.2249,-86.9882
440018,36.3862,-82.1235
440017,36.4573,-82.488
440016,35.9983,-88.4347
440015,35.9172,-83.868
440012,36.5534,-82.1003
500141,47.3172,-122.3152
440011,35.7843,-83.8978
440010,35.3502,-87.7723
440009,35.9052,-84.9945
440008,35.6437,-88.4054
440007,36.336,-82.3238
440006,36.2289,-86.7941
440003,36.388,-86.4634
440002,35.6036,-88.8512
440001,36.0723,-82.458
431340,43.7014,-98.0303
431339,45.6871,-97.0616
431338,43.3652,-99.4349
431337,44.4635,-99.0803
431336,42.8383,-96.9792
500150,45.7185,-122.6138
431335,44.4041,-98.2094
431334,43.305,-100.0868
431333,43.2698,-96.6238
431332,44.3853,-97.5978
431331,43.8534,-96.7421
431330,43.3988,-97.9425
431329,43.8431,-99.301
431328,43.1824,-97.1733
431327,42.9869,-97.8677
431326,45.1887,-96.6126
431325,45.3478,-100.3512
431324,44.0358,-98.6892
431323,43.7358,-103.6649
431322,43.3718,-103.5278
431321,44.4011,-103.1728
500151,47.3726,-122.5862
431320,44.33,-103.6948
431319,44.1139,-101.7151
431318,45.4397,-99.6664
431317,43.1198,-97.7568
431316,44.8737,-98.5777
431315,43.0277,-98.2881
431314,43.1849,-101.718
431313,43.3442,-97.4664
431312,45.8394,-97.7384
431311,45.3031,-97.571
431310,44.0493,-96.6125
431309,43.2432,-99.2553
431308,45.7723,-99.6355
431307,44.772,-96.7416
431306,43.4226,-98.9594
500154,47.3739,-122.1145
500152,47.5725,-122.0078
431305,43.3011,-98.3632
431302,45.0425,-100.1701
431301,45.0535,-99.145
431300,43.9764,-97.129
430097,45.4824,-98.5376
430095,43.5269,-96.7424
430093,44.1092,-103.2183
430091,44.1055,-103.1958
430090,43.5282,-96.7366
430089,42.5253,-96.5056
430077,44.1055,-103.1953
430048,44.4596,-103.9133
430027,43.5179,-96.7561
430016,43.5141,-96.735
501301,46.4414,-117.5809
430015,44.5108,-100.2929
430014,45.4677,-98.5229
430012,42.9077,-97.4591
430008,44.3024,-96.779
430005,44.9473,-97.1086
421304,33.8177,-81.9984
421301,34.1929,-82.4415
421300,32.9686,-81.2559
420117,33.7799,-79.8358
420110,33.1169,-80.1478
420109,33.6385,-80.2057
420108,34.7069,-81.5953
420107,34.6941,-79.9238
420106,34.0859,-81.1849
420105,34.0237,-78.9275
420104,32.8669,-79.7787
501302,46.2659,-117.8733
420103,35.0056,-82.2805
420102,34.8565,-82.3042
420098,33.5536,-79.0358
420091,34.1472,-79.6815
420089,32.8088,-79.8395
420087,32.7821,-79.9292
420086,33.9696,-81.0439
420085,33.7529,-78.8062
420082,33.5913,-81.7054
420080,32.2572,-80.7231
420079,32.8983,-80.0999
420078,34.7802,-82.3977
420073,34.0029,-81.1092
420072,32.7872,-81.0423
501304,47.076,-123.3893
501303,46.5596,-123.8564
420071,34.1164,-82.1345
420070,33.8009,-80.3048
420067,32.3096,-80.6701
420065,32.8251,-80.1151
420055,34.1823,-79.2696
420053,34.287,-81.6148
420051,48.6758,-109.7722
420049,33.8663,-78.9796
420048,34.3296,-80.5768
420043,34.958,-81.5929
420038,34.1596,-80.9075
420037,34.769,-82.2425
420036,34.7294,-80.7495
420033,34.9162,-82.2585
501305,47.6812,-118.1983
420030,32.9075,-80.6831
420027,34.4908,-82.5858
420026,34.0322,-80.9883
420023,34.8629,-82.413
420020,33.3765,-79.3496
420019,34.7047,-81.2179
420018,34.1084,-81.056
420015,34.8613,-82.5787
420011,34.9432,-82.7336
420010,34.3901,-80.0835
420009,34.7575,-82.9413
420007,35.008,-81.9715
420005,34.4367,-79.3577
420004,32.8092,-79.994
420002,34.9713,-81.0776
410013,41.3577,-71.7832
501307,47.3234,-118.7834
410012,41.8367,-71.3717
410011,41.9951,-71.4922
410010,41.7944,-71.3834
410009,41.6872,-71.4748
410008,41.4367,-71.5573
410007,41.8065,-71.4048
410006,41.4921,-71.3034
410005,41.8583,-71.4242
410004,41.8558,-71.4514
391317,40.6787,-78.7323
391316,41.7329,-77.3127
391315,41.4395,-78.5212
391314,41.6235,-79.7134
391313,41.7697,-77.9813
391312,41.1588,-79.0429
501308,47.9996,-119.1361
391309,41.9238,-75.5922
391308,41.9283,-79.7016
391307,40.6779,-78.2269
391306,41.8333,-75.9198
391305,41.7759,-76.7934
391304,41.3328,-77.8172
391303,39.9794,-78.0051
391302,39.7735,-78.9764
391301,41.2151,-76.7124
391300,41.2227,-77.2511
501310,48.1619,-117.21
501309,48.3,-117.6804
390339,40.0628,-76.2988
390338,41.4509,-75.621
390337,41.1903,-76.7103
390336,40.3018,-76.983
390335,40.8173,-75.6792
390334,40.6256,-80.0556
390333,40.3015,-79.5197
390332,40.6451,-76.0713
390331,39.9482,-75.1464
390330,40.9743,-75.2905
390329,40.1382,-75.3885
390328,40.4234,-79.7754
390327,39.9305,-76.7228
390326,40.6988,-75.2775
390325,39.9613,-76.6627
390324,40.1932,-75.5301
390323,40.1685,-80.2555
390322,40.1009,-74.9382
390316,40.34,-75.9806
501311,47.1212,-118.3924
390307,41.3294,-80.4295
390304,40.0543,-75.2402
390278,40.1466,-75.3945
390272,40.1499,-75.3939
390270,41.2268,-75.7632
390268,40.8274,-77.9059
390267,40.4306,-79.7698
390266,41.1745,-80.0928
390265,40.3655,-79.9846
390258,40.1915,-74.8984
390256,40.2821,-76.6304
390237,41.416,-75.6732
390233,39.795,-76.9949
390231,40.1462,-75.1398
501312,46.1449,-119.7295
390228,40.3635,-80.0746
390226,39.9355,-75.1615
390225,40.1613,-76.1591
390223,39.9611,-75.188
390222,39.9111,-75.4212
390219,40.2635,-79.3974
390217,40.1667,-79.5223
390211,41.2405,-80.5001
390204,40.0783,-75.0319
390203,40.2902,-75.1322
390201,41.0409,-75.1917
390199,40.9756,-78.9946
390198,42.0668,-80.0369
390196,40.072,-75.0814
390195,39.9852,-75.2815
390185,40.9407,-75.9447
501313,47.7656,-120.8406
390184,40.0182,-79.5597
390183,40.8307,-75.9359
390180,39.8421,-75.362
390179,39.9744,-75.589
390178,41.4019,-80.3686
390174,39.9464,-75.1502
390173,40.6207,-79.1454
390168,40.9127,-79.959
390164,40.4494,-79.9775
390163,40.8057,-79.4836
390162,40.6456,-75.231
390160,40.2625,-80.1666
390156,39.9277,-75.2489
390153,40.0399,-75.4974
390151,39.9502,-77.6383
501314,46.358,-123.9775
390150,39.8552,-80.1732
390147,40.178,-79.9082
390146,41.8224,-79.159
390145,40.2942,-79.5408
390142,40.0462,-75.1534
390139,40.0127,-75.3299
390138,39.7882,-77.5665
390137,41.8169,-75.9278
390133,40.5513,-75.4924
390127,40.1144,-75.5317
390125,41.632,-75.2455
390123,40.2484,-75.6281
390117,39.9927,-78.3595
390116,40.1107,-75.3167
501316,45.852,-120.7822
501315,45.8278,-121.4893
390115,40.0645,-74.9835
390114,40.4313,-79.9646
390113,41.6393,-80.1564
390112,40.2029,-78.7738
390111,39.9777,-75.183
390107,40.5661,-80.0329
390104,41.6256,-78.7894
390102,40.4893,-79.8964
390101,39.9167,-76.8157
390100,40.039,-76.3466
390097,40.1159,-75.0926
390096,40.3428,-75.9296
390093,41.2016,-79.3639
390091,41.3886,-79.686
390090,40.4645,-79.9275
501317,47.35,-119.6313
390086,41.1172,-78.714
390081,39.9514,-75.308
390079,41.9834,-76.5482
390073,40.5417,-78.3701
390070,40.1349,-74.8688
390068,40.1846,-76.2783
390067,40.2725,-76.8897
390066,40.3022,-76.4201
390065,39.8181,-77.2379
390063,42.1249,-80.0988
390062,40.3104,-78.4033
390058,40.1794,-77.2246
390057,40.3617,-75.3306
390056,40.5225,-77.9447
390050,40.4561,-80.0086
501318,46.8077,-119.1823
390049,40.5746,-75.3474
390048,40.5685,-77.5991
390046,39.9999,-76.7909
390045,41.3472,-76.8449
390044,40.3408,-75.9392
390042,40.1696,-80.2443
390041,39.8896,-79.7604
390039,40.0229,-79.1336
390037,40.5777,-80.1665
390036,40.6922,-80.3794
390035,40.4408,-75.3542
390032,40.6298,-79.7451
390030,40.7108,-76.2946
390028,40.4279,-79.9982
390027,40.0014,-75.137
501319,46.5937,-122.2554
390026,40.0904,-75.2151
390025,39.9825,-75.161
390016,41.0485,-80.3243
390013,40.9739,-76.9545
390012,40.2114,-75.3092
390009,42.0958,-80.0425
390006,40.9534,-76.5851
390004,40.2538,-76.9104
390003,41.0303,-76.4398
390002,40.3217,-79.8614
390001,41.3923,-75.6518
381325,45.8663,-119.3022
381324,44.6685,-121.0437
381323,44.53,-122.8307
501321,48.6821,-119.2417
501320,47.1707,-119.8456
381322,42.4402,-124.3315
381321,45.3054,-118.1671
381320,46.1354,-123.7188
381319,45.6742,-118.8296
381318,45.6297,-121.5957
381317,45.5002,-123.7541
381316,44.0922,-124.0139
381315,44.7882,-117.7737
381314,44.6625,-124.0274
381313,44.1223,-120.4958
381312,43.1926,-124.1644
381311,43.7403,-123.915
381310,45.3053,-119.4714
381309,42.3132,-120.4025
381308,44.9253,-123.3484
501322,48.6231,-118.6855
381307,43.5693,-118.9091
381306,45.5325,-117.1485
381305,44.4258,-118.8879
381304,43.0549,-124.3532
381303,45.8898,-123.7269
381302,44.901,-123.9671
381301,43.7288,-123.0692
380102,44.0703,-122.9949
380090,43.3418,-124.1241
380089,45.3753,-122.7575
380082,45.4493,-122.6061
380075,45.0207,-123.1238
380071,45.1958,-123.2972
380061,45.5395,-122.606
380060,45.5226,-122.568
501323,48.0358,-122.81
380056,44.8039,-122.7281
380052,44.0967,-117.0603
380051,44.9448,-122.9984
380050,42.4531,-122.0922
380047,44.0026,-121.017
380038,45.3278,-122.5228
380037,45.3105,-122.9684
380029,44.9244,-122.7071
380027,43.2225,-123.491
380025,45.5128,-122.4241
380022,44.6714,-123.1309
380021,45.4317,-122.9939
380020,44.073,-123.008
380018,42.3267,-122.7924
380017,45.5393,-122.7169
501324,48.1179,-119.7893
380014,44.6473,-123.2757
380009,45.4998,-122.6809
380007,45.555,-122.6743
380005,42.1727,-122.5088
380004,45.4894,-122.7804
380002,42.3789,-123.4013
380001,45.5364,-121.1432
371342,33.8514,-94.8267
371341,36.8308,-98.7734
371340,36.7607,-101.5115
371338,34.692,-99.915
371337,35.0532,-94.5531
371336,36.156,-99.9449
371335,35.2668,-95.1466
501326,48.6752,-117.7262
501325,47.7264,-124.1965
371334,35.0607,-98.5809
371332,36.0892,-98.8983
371331,35.9821,-96.5749
371330,34.8538,-99.6155
371329,36.3117,-98.5755
371328,34.4896,-96.9707
371327,36.0939,-98.3326
371326,34.079,-96.7899
371325,35.2676,-98.9117
371324,36.847,-99.5777
371323,35.4964,-98.7023
371322,36.6852,-100.521
371321,35.077,-96.3535
371320,36.2447,-96.4138
371319,34.5565,-96.2313
501327,46.873,-117.4339
371318,36.583,-96.6532
371317,35.8501,-97.4285
371316,35.7602,-96.6699
371314,35.0664,-98.2276
371313,35.8702,-97.9487
371312,36.0047,-96.1785
371311,34.1583,-97.9807
371310,34.2656,-97.4866
371309,36.8074,-96.3185
371307,36.758,-102.5719
371306,33.9345,-97.1004
371305,36.6867,-95.6697
371304,34.2801,-96.6727
371303,35.628,-99.7017
501328,48.3839,-119.2935
371302,35.8462,-98.4094
371301,35.4928,-96.7097
371300,34.3328,-96.0415
370243,34.7493,-97.2145
370240,35.5784,-97.647
370237,36.6924,-95.2434
370236,35.7187,-97.4443
370235,36.0578,-95.7915
370234,35.3839,-97.4172
370228,36.2737,-95.8028
370227,36.2892,-95.8253
370225,35.6269,-97.5075
370222,35.577,-97.5052
370220,35.4246,-97.5154
370218,36.0353,-95.8624
370216,36.0664,-96.0302
501329,48.5613,-122.1362
370215,35.5854,-97.5756
370214,34.8172,-97.6078
370212,35.3805,-97.5124
370211,35.5177,-97.7798
370210,36.0041,-95.9137
370206,35.6108,-97.5696
370203,35.3884,-97.5907
370202,36.0519,-95.8652
370201,35.4374,-97.4922
370199,35.5953,-97.5669
370192,35.581,-97.5728
370183,35.4385,-95.9395
370178,35.8206,-94.6384
370166,35.9696,-95.4007
501331,46.7402,-117.2243
501330,46.5105,-119.667
370158,35.0081,-97.4638
370153,35.8725,-99.3735
370149,35.3875,-96.928
370114,36.1444,-95.9371
370113,36.5849,-94.7547
370112,35.4815,-94.7775
370106,35.4519,-97.515
370100,34.0073,-95.5225
370099,35.9426,-96.7517
370097,34.5824,-98.5019
370094,35.4678,-97.3882
370093,35.4681,-97.5167
370091,36.0661,-95.9416
370089,35.9512,-94.9729
370083,34.2624,-95.605
501332,46.3772,-117.2827
370078,36.1808,-96.0298
370057,35.6349,-96.0056
370056,34.5735,-98.2931
370054,35.06,-97.9243
370049,36.0711,-97.0618
370047,34.2182,-97.1133
370039,36.3744,-95.5703
370037,35.4702,-97.5253
370034,34.987,-95.7945
370028,35.512,-97.5641
370026,36.4194,-97.7954
370025,35.712,-95.459
370023,34.6266,-96.3744
370022,34.6343,-99.3089
370020,34.8073,-96.7349
501333,46.9888,-120.3417
370019,35.4309,-99.1526
370018,36.7202,-95.9012
370016,36.4322,-97.791
370015,36.3015,-95.3147
370014,34.8178,-96.7115
370013,35.5687,-97.5723
370008,35.1965,-97.4924
370004,36.899,-94.8992
370001,36.129,-95.9588
361334,39.1477,-83.0438
361333,41.5875,-84.1663
361332,39.1424,-83.573
361331,39.5244,-83.4322
361330,39.5138,-82.4032
361329,40.8275,-83.3036
501334,48.0644,-120.3429
361328,41.2925,-84.3538
361327,41.6253,-84.6554
361326,38.9794,-83.5587
361325,40.7023,-82.7931
361324,40.9068,-82.6474
361323,40.8333,-81.7465
361322,40.8889,-83.8885
361321,39.9945,-81.1582
361320,39.018,-82.6652
361319,39.4262,-81.4204
361318,41.1599,-83.4048
361316,40.8331,-82.9915
361315,40.629,-83.6263
361314,41.4882,-82.9401
361313,40.5634,-82.7443
501335,47.1511,-121.6873
361312,40.0983,-83.7958
361311,40.2474,-81.0134
361310,41.0794,-82.697
361309,41.3844,-84.1152
361308,41.8951,-80.5828
361307,41.7798,-80.9308
361306,41.2911,-82.234
361304,39.3474,-83.3845
361303,41.0591,-82.0137
361302,40.4392,-81.3058
361301,41.2948,-84.7336
361300,41.1393,-84.5654
501337,46.3771,-118.9692
501336,47.2511,-123.1536
360368,40.0358,-84.1955
360367,41.4762,-81.5293
360365,40.7505,-82.5662
360364,41.4367,-82.0223
360361,38.8104,-82.9201
360360,39.7781,-84.0932
360359,41.4891,-81.5261
360358,39.82,-82.8097
360355,39.9919,-83.9003
360354,39.3571,-84.4237
360352,41.0399,-80.6758
360351,41.1061,-81.5184
360348,40.1118,-83.1417
360276,41.0404,-80.6813
360270,41.3061,-84.3498
360266,40.0828,-82.8191
360263,40.7112,-84.049
501338,47.5806,-121.7983
360259,41.6387,-83.4152
360247,40.029,-82.8823
360245,41.6686,-80.8924
360242,40.0002,-83.0327
360239,39.6383,-84.2933
360236,39.0803,-84.1448
360234,39.1768,-84.5948
360230,41.4814,-81.4511
360218,40.1,-82.3678
360211,40.409,-80.6486
360210,40.2934,-83.0759
360203,40.0428,-81.5842
360197,40.3608,-83.7542
360189,39.8801,-83.4382
360185,40.9111,-80.8679
501339,48.203,-122.659
360180,41.023,-81.1689
360179,39.253,-84.3718
360175,39.4453,-83.8576
360174,40.0193,-84.2084
360172,41.4436,-82.2195
360170,39.5993,-82.9684
360163,39.1313,-84.5091
360161,41.2178,-80.7476
360159,39.3104,-82.944
360156,41.3487,-83.1189
360155,41.3893,-81.7797
360152,39.9754,-83.133
360150,41.1595,-81.5312
360148,40.5577,-81.882
510001,39.6486,-79.9808
501340,48.5482,-123.0836
360147,39.9934,-81.5182
360145,41.3658,-82.1431
360144,41.4801,-81.5226
360143,41.3914,-81.6027
360137,41.5057,-81.6087
360134,39.1393,-84.5327
360133,39.7927,-84.207
360132,39.4165,-84.6464
360131,40.9021,-81.1232
360125,41.8627,-80.7778
360123,41.4513,-81.9466
360121,41.449,-84.5594
360118,40.7767,-82.5152
360112,41.6771,-83.5225
360109,40.2473,-81.8867
510002,37.7414,-80.4682
360107,41.2266,-82.8542
360098,41.6912,-81.2067
360096,40.6635,-80.5942
360095,41.0436,-83.631
360092,40.2732,-83.34
360091,41.1355,-81.8599
360089,41.1406,-83.1912
360087,41.4916,-81.7159
360086,39.9336,-83.855
360085,40.0373,-83.0173
360084,40.7966,-81.4339
360082,41.5771,-81.5528
360080,40.1023,-80.757
360079,39.6708,-84.1682
360078,41.1501,-81.1908
510006,39.269,-80.2105
360077,41.4438,-81.8049
360076,39.5135,-84.2865
360075,41.5947,-81.1727
360072,39.7015,-82.618
360070,40.8195,-81.4507
360068,41.6591,-83.6081
360066,40.7586,-84.0183
360065,41.2093,-82.5961
360064,41.1244,-80.6734
360059,41.4525,-81.708
360058,40.4902,-84.6714
360056,39.306,-84.5357
360055,41.2755,-80.805
360054,38.813,-82.2536
360051,39.7049,-84.2074
510007,38.4192,-82.3281
360048,41.609,-83.6235
360046,39.5031,-84.7299
360044,40.0914,-84.6588
360041,41.3824,-81.7464
360040,40.354,-82.495
360039,39.9798,-81.992
360036,40.7957,-81.9825
360035,39.9602,-82.8498
360032,40.586,-84.3797
360029,41.4129,-83.6645
360027,41.073,-81.5663
360026,39.6861,-83.8974
360025,41.4182,-82.7331
360020,41.0619,-81.5248
510012,38.8473,-82.0828
510008,39.472,-77.97
360017,39.95,-82.9955
360016,39.1929,-84.3803
360014,39.2975,-82.0864
360013,40.2896,-84.1517
360012,40.1095,-82.8842
360011,40.6059,-83.1259
360010,40.5437,-81.493
360009,40.729,-84.0597
360008,38.7829,-82.9143
360006,40.0413,-83.0013
360003,39.1229,-84.4947
360002,40.8922,-82.3061
360001,39.0435,-84.3196
351336,46.9085,-102.8084
510013,39.951,-80.7433
351335,46.8697,-98.7661
351334,48.2441,-103.7882
351333,48.148,-98.8952
351332,48.2261,-100.0422
351331,48.4784,-99.2273
351330,46.0742,-102.6527
351329,47.3763,-97.0015
351327,47.7526,-99.8889
351326,47.7868,-97.1258
351325,48.877,-103.3209
351324,46.9216,-98.0092
351323,48.8261,-98.3102
351322,46.0045,-99.3458
351321,46.2684,-99.611
351320,48.4133,-97.4132
351319,48.7794,-97.7276
351318,47.4406,-99.0797
351316,48.883,-99.5508
351315,46.1195,-98.1537
351314,46.4094,-101.7826
351313,46.1605,-103.4188
351312,47.7704,-97.6136
351311,46.4192,-97.6497
351310,47.3689,-101.6032
351309,47.4816,-97.2926
351308,47.7603,-98.1463
351307,48.8581,-100.3834
351306,47.4576,-98.1292
351305,48.6988,-102.114
351304,47.5417,-100.8978
351303,47.6098,-101.7196
351302,47.8287,-103.1406
510023,40.429,-80.5747
351301,48.3627,-102.4167
351300,48.3966,-102.9125
350070,46.8571,-96.8094
350019,47.8637,-97.1558
350015,46.8099,-100.7119
350011,46.9108,-96.845
350006,48.1331,-101.321
350002,46.8289,-100.7835
341329,35.9244,-82.052
341328,35.0885,-84.1538
341327,33.955,-78.0621
341326,35.1881,-83.4188
341325,36.3918,-81.4075
341324,35.8932,-75.5842
510029,38.3072,-81.7429
510024,39.6621,-79.9302
341323,36.0552,-81.863
341322,35.2245,-82.0676
341320,36.5009,-81.1536
341319,35.1694,-82.7867
341318,36.1091,-76.5699
341317,36.4623,-80.2234
341316,35.0655,-83.2269
341315,34.6444,-78.5776
341314,35.7484,-76.7816
341311,35.7194,-79.4378
341307,34.5608,-77.8901
341305,35.3539,-83.5039
341304,35.9819,-76.9316
341303,35.404,-79.9461
340190,35.2528,-80.7147
510030,38.9345,-79.8
340188,35.0409,-79.2432
340187,35.9223,-80.455
340184,35.6197,-82.9411
340183,35.4032,-80.8609
340173,35.712,-78.7906
340171,35.1034,-80.7006
340168,34.2835,-77.9587
340166,35.3371,-80.7215
340159,36.4123,-78.9603
340158,34.0653,-78.2147
340155,36.0304,-78.8231
340151,36.4151,-77.6999
340148,36.0594,-80.306
340147,36.0013,-77.8561
340145,35.4935,-81.238
510031,38.3412,-81.615
340143,35.6676,-81.3822
340142,34.7386,-76.7656
340141,34.2779,-77.9575
340132,36.3376,-78.4083
340131,35.1445,-76.9744
340130,35.0562,-80.5045
340129,35.5852,-80.913
340127,36.3636,-78.6578
340126,35.6902,-77.8849
340123,35.7343,-79.7707
340120,34.9999,-77.9384
340119,35.3511,-80.2021
340116,35.7806,-81.3289
340115,35.1933,-79.4597
340114,35.8332,-78.7107
510038,39.0251,-80.5453
340113,35.1705,-80.654
340109,36.2906,-76.2872
340107,35.9044,-77.4938
340099,36.2938,-76.9939
340098,35.1504,-80.8442
340097,36.2721,-80.794
340096,35.7518,-80.1928
340091,36.0827,-79.7751
340090,35.4749,-78.3499
340087,35.7292,-82.0303
340085,35.8523,-80.1144
340084,34.98,-80.1154
340075,35.7661,-81.7688
340073,35.7595,-78.5651
340071,35.269,-78.5491
510046,37.4219,-81.229
340070,36.0274,-79.5231
340069,35.9132,-78.7808
340068,34.3135,-78.689
340064,36.208,-81.1589
340061,35.9765,-79.048
340060,36.5029,-79.7661
340053,35.1834,-80.6322
340051,36.2018,-81.6303
340050,34.6164,-78.9162
340049,36.01,-78.8918
340047,36.0372,-80.278
340042,34.7353,-77.5173
340041,35.9763,-81.5607
340040,35.6659,-77.3714
340039,35.732,-80.9265
510048,37.8628,-81.9947
340032,35.2548,-81.1347
340030,35.9388,-78.8717
340028,35.0746,-78.8798
340027,35.2254,-77.511
340024,34.9923,-78.326
340023,35.395,-82.3785
340021,35.331,-81.5913
340020,35.508,-79.1696
340017,35.3539,-82.5193
340016,35.3467,-83.1899
340015,35.6967,-80.44
340014,36.0694,-80.3247
340013,35.3305,-81.9916
340010,35.3784,-78.019
510050,40.0691,-80.6471
340008,34.7562,-79.4596
340004,35.9696,-79.9742
340003,36.4957,-80.6211
340002,35.6097,-82.5558
340001,35.401,-80.5045
331320,42.685,-74.5335
331319,43.2209,-78.3631
331318,44.2417,-75.6302
331317,43.715,-75.552
331316,42.8031,-75.5617
331315,44.311,-75.4864
331314,42.6855,-77.0605
331312,42.1657,-75.1751
331311,43.0866,-74.8299
331310,41.752,-74.4751
331309,44.3268,-75.9231
510055,38.3466,-82.3862
331307,44.1409,-75.0088
331305,42.3229,-74.9282
331304,42.1325,-74.6605
331303,41.7039,-74.7077
331302,44.1973,-73.6103
331301,42.1937,-78.2858
330410,40.7892,-73.9382
330406,42.8048,-73.9362
330405,41.1937,-73.9757
330401,40.8706,-73.1921
330399,40.8447,-73.8813
330396,40.6874,-73.942
330395,40.5983,-73.7782
330394,42.0569,-75.8808
330393,40.9129,-73.1321
510058,39.2417,-81.592
330386,41.7048,-74.7002
330354,43.0122,-78.7849
330350,40.6658,-73.9238
330332,40.7274,-73.4745
330331,40.7639,-73.4703
330307,42.4169,-76.4817
330304,41.0468,-73.748
330286,40.69,-73.2844
330285,43.1026,-77.6303
330279,42.8592,-78.8293
330277,42.1469,-77.0108
330276,43.1309,-74.3218
330273,41.4294,-73.7112
330270,40.7634,-73.9478
330267,41.3039,-73.9063
510062,37.8449,-81.282
330265,42.9622,-77.1461
330264,41.525,-74.0588
330261,41.0721,-73.835
330259,40.6561,-73.6276
330250,44.7252,-73.4689
330246,40.9433,-73.0666
330245,43.0655,-75.2222
330241,43.0217,-76.1368
330240,40.8091,-73.9378
330239,42.0911,-79.2512
330238,40.6935,-73.7903
330235,42.9002,-76.5387
330234,41.0753,-73.7613
330233,40.6433,-73.9114
330231,40.7313,-73.7975
510070,37.8299,-81.2783
330229,42.4698,-79.3205
330226,43.219,-77.7296
330224,41.9994,-73.9906
330223,44.9484,-74.8873
330222,43.0621,-73.7439
330221,40.7099,-73.9205
330219,42.93,-78.823
330218,43.4285,-76.4772
330215,43.2295,-75.4401
330214,40.7638,-73.9927
330211,44.664,-75.4739
330208,40.9581,-73.875
330205,41.2872,-74.3623
330204,40.7337,-73.9914
510072,39.618,-80.7733
330203,43.0166,-76.1186
330202,40.6491,-73.9278
330199,40.8091,-73.9297
330198,40.625,-73.6202
330197,44.6497,-74.9061
330196,40.5818,-73.943
330195,40.7535,-73.6874
330194,40.6525,-74.0026
330193,40.7567,-73.8165
330191,43.311,-73.6505
330188,43.1826,-78.9994
330185,40.9477,-73.0605
330184,40.9228,-73.8033
330182,40.7782,-73.6525
330181,40.856,-73.6128
330180,42.7627,-73.5803
330175,42.5818,-76.1745
330169,40.7898,-73.964
330166,42.305,-79.5578
330164,43.1129,-77.6241
330162,41.1935,-73.7205
330160,40.5918,-74.0579
330158,41.1487,-74.1189
330157,43.9879,-75.9202
330154,40.7498,-73.9652
330153,42.8169,-73.9253
330151,42.3518,-77.6156
330144,42.3635,-77.3545
330141,40.7551,-72.986
330140,43.0611,-76.1177
330136,42.7105,-74.8774
330135,41.369,-74.6439
510091,38.5253,-81.6318
330128,40.7461,-73.878
330127,40.8427,-73.8534
330126,41.4444,-74.4686
330125,43.1976,-77.6208
330119,40.7537,-73.9462
330115,43.0526,-75.6516
330111,42.519,-78.7043
330107,40.7483,-73.7057
330106,40.8352,-73.9558
330104,41.0969,-73.9349
330103,42.0797,-78.4257
330102,42.9918,-78.8629
330101,40.7685,-73.9689
330100,40.7466,-73.9905
511300,39.1532,-80.0125
510093,39.4494,-80.1144
330096,42.0743,-77.9314
330094,42.2424,-73.7627
330090,42.0838,-76.8444
330086,40.8917,-73.8468
330085,42.4726,-75.0199
330084,44.7612,-74.2527
330080,40.8199,-73.9119
330079,44.334,-74.129
330078,42.9327,-78.8601
330074,42.8365,-77.3209
330073,43.0065,-78.2272
330065,42.8746,-78.868
330059,40.8776,-73.8595
330058,42.856,-77.0184
330057,42.6496,-73.7919
511301,38.5299,-80.352
330056,40.6751,-73.9713
330055,40.7519,-73.8269
330049,41.9283,-73.8693
330047,42.9198,-74.1854
330046,40.7512,-73.9668
330045,40.8928,-73.4057
330044,43.1323,-75.1481
330043,40.7106,-73.2547
330033,42.5523,-75.5483
330030,43.075,-77.0899
330028,40.6229,-74.1317
330027,40.7309,-73.5424
330024,40.8111,-73.9322
330023,41.6886,-73.9003
511303,38.9141,-81.0941
330019,40.5856,-73.9571
330014,40.6938,-73.8176
330013,42.6462,-73.8269
330011,42.1833,-75.9507
330009,40.8188,-73.9132
330008,42.7637,-78.1535
330006,40.9633,-73.8729
330005,42.8763,-78.8496
321312,35.5541,-104.9518
321311,32.6275,-108.4134
321310,36.3462,-105.4342
321309,32.1883,-107.7406
321308,35.0303,-107.9182
321307,36.7616,-104.349
321306,33.3394,-105.6732
511306,38.8011,-81.3271
511304,39.5519,-80.978
321305,39.53,-114.7811
321304,36.3429,-103.3489
321302,35.0722,-103.7946
321301,33.9466,-107.073
321300,33.1532,-107.0225
320779,34.8946,-104.8086
320091,32.307,-106.7525
320090,35.6174,-106.1204
320086,33.662,-104.4994
320085,32.3612,-106.5762
320084,34.1167,-103.3155
320074,35.216,-106.6813
320065,32.6807,-103.4584
320063,32.3221,-104.4106
511307,39.3572,-80.026
320033,35.7539,-106.2948
320030,32.7738,-104.2046
320022,34.4963,-103.2707
320021,35.2687,-106.8052
320018,32.3877,-106.582
320017,35.1432,-106.5792
320011,35.9851,-106.1376
320009,35.078,-106.6506
320006,33.6853,-104.5067
320005,36.7219,-108.186
320004,42.4202,-113.5433
320002,35.6347,-105.8724
320001,35.009,-106.5919
310130,41.0218,-73.9926
310119,40.7367,-74.1856
511308,38.702,-80.8304
310118,40.7981,-74.0716
310115,40.8277,-75.059
310113,39.7288,-74.2354
310112,40.392,-74.1876
310111,40.218,-74.2807
310110,40.215,-74.6717
310108,40.5182,-74.3792
310096,40.7348,-74.1645
310092,40.2549,-74.7448
310086,39.9138,-74.9827
310084,40.0924,-74.1962
310083,40.7495,-74.2239
310076,40.7753,-74.3189
310075,40.3138,-74.0052
310074,40.7169,-74.0426
310073,40.2187,-74.0704
511309,39.5362,-78.2163
310070,40.4463,-74.4835
310069,39.6988,-75.2372
310064,39.4692,-74.5437
310061,40.0421,-74.8953
310060,40.7062,-75.16
310058,40.9553,-74.0689
310057,40.0038,-74.7866
310054,40.811,-74.2317
310052,40.072,-74.1127
310051,40.709,-74.3723
310050,40.8687,-74.4978
310048,40.5904,-74.7037
310047,39.3122,-74.5988
310045,40.8991,-73.9835
511311,39.3038,-78.7862
511310,37.6356,-80.8649
310044,40.3327,-74.7924
310041,40.015,-74.2392
310040,40.7594,-74.0379
310039,40.5152,-74.273
310038,40.4831,-74.4582
310034,40.3639,-74.0913
310032,39.4818,-75.0212
310031,39.9403,-74.5394
310029,39.93,-75.1313
310028,41.0598,-74.8161
310027,40.6549,-74.1886
310025,40.6495,-74.0973
310024,40.6017,-74.2935
310022,39.85,-74.9659
310019,40.8991,-74.167
511312,39.4781,-79.7057
310017,40.9529,-74.3155
310016,40.7181,-74.0687
310015,40.7644,-74.5095
310014,39.9246,-75.1134
310012,40.9672,-74.1171
310011,39.1291,-74.8248
310010,40.3422,-74.599
310009,40.8071,-74.1686
310008,40.9065,-74.0138
310006,40.8472,-74.1231
310005,40.5399,-74.8675
310003,40.778,-74.0394
310002,40.6987,-74.1972
310001,40.888,-74.0655
301312,43.6245,-71.1749
511313,38.0145,-81.754
301311,43.723,-71.6836
301310,44.5107,-71.2086
301309,42.8539,-71.9285
301308,43.3632,-72.3243
301307,44.0523,-71.1412
301306,43.4515,-71.6792
301305,43.6497,-72.2429
301304,43.4307,-71.9936
301303,44.4919,-71.5279
301302,44.3565,-71.8081
301301,44.0514,-71.8296
301300,44.888,-71.3717
300034,42.994,-71.4924
300029,43.0937,-70.8253
300023,42.9897,-70.9805
511314,38.1854,-80.1824
300020,42.7379,-71.4393
300019,42.9643,-72.2856
300018,43.1872,-70.8878
300017,42.9046,-71.2814
300014,43.2868,-70.978
300012,42.9531,-71.4436
300011,42.7281,-71.4629
300005,43.5923,-71.4934
300003,43.7388,-72.126
300001,43.237,-71.5473
291314,38.8184,-119.1184
291313,39.3428,-117.9517
291312,37.2708,-114.5214
291311,36.1523,-115.9766
291309,35.9828,-114.871
511315,39.3866,-78.9755
291308,41.103,-118.0042
291307,36.82,-114.0899
291306,38.7887,-119.5792
291304,40.3332,-118.2694
291303,40.4221,-116.9714
291302,39.528,-114.7845
291301,39.2583,-119.9394
291300,38.5073,-118.7731
290061,39.4055,-119.8682
290058,36.2079,-115.1904
290057,36.0812,-114.9587
290054,36.281,-115.2806
290053,36.0728,-115.2687
290049,39.5054,-119.7501
290047,36.0468,-115.297
290046,36.0662,-115.1439
290045,35.9811,-115.1214
290042,36.0912,-115.1479
290041,36.0662,-115.2795
290039,36.2149,-115.2494
290032,39.5449,-119.7494
290021,36.1971,-115.1748
290019,39.1176,-119.7267
290012,36.0392,-114.928
290009,39.547,-119.8202
290008,41.177,-115.759
290007,36.151,-115.1912
290005,36.2205,-115.1076
290003,36.1265,-115.1865
290001,39.4886,-119.7308
281365,41.4072,-99.639
511318,38.1723,-81.3058
281364,40.2653,-96.753
281363,40.2366,-100.6518
281362,40.4205,-99.4017
281361,40.8315,-99.7422
281360,42.1449,-102.897
281359,41.5514,-96.1703
281358,42.6619,-101.9158
281357,41.1093,-103.03
281356,40.8569,-101.7756
281355,41.0807,-101.6609
281354,40.6223,-96.9359
281353,41.5955,-98.9404
281352,40.1434,-95.5512
511320,38.8064,-81.7094
511319,39.3307,-77.8502
281351,40.5595,-101.7129
281350,40.3393,-96.2107
281349,42.1152,-96.75
281348,40.3592,-100.2068
281347,42.3238,-97.5958
281346,42.293,-97.8332
281345,42.2001,-97.0432
281344,42.6772,-100.5949
281343,42.5274,-98.9726
281342,40.6496,-95.8748
281341,42.8673,-102.9908
281340,40.1296,-101.5566
281339,40.9268,-97.1196
281338,41.2424,-98.4618
281336,40.8461,-97.6003
511322,39.4548,-80.1111
511321,39.012,-80.184
281335,41.2753,-99.9797
281334,41.7053,-98.0487
281333,42.3506,-99.5143
281332,41.2343,-97.1482
281331,42.4686,-97.9245
281330,40.6236,-97.3014
281329,42.5265,-98.5973
281328,41.1764,-98.0204
281327,40.8991,-99.9437
281326,42.1983,-97.962
281325,42.3763,-99.837
281324,40.3524,-95.8681
281323,41.4882,-97.0732
281322,41.8425,-96.724
281320,40.8289,-97.9882
281319,40.1403,-97.236
281318,41.6157,-103.1634
281316,40.1192,-98.5244
281315,40.0729,-98.1018
281314,41.2434,-97.5628
281313,41.0122,-100.1865
281312,41.4697,-97.782
281311,40.0944,-98.9724
281310,41.4627,-102.3534
281309,40.6467,-96.1699
281308,40.7555,-97.7881
281307,41.1994,-96.622
281306,40.4775,-98.9219
281305,41.2441,-103.6813
281304,40.1481,-97.5553
281303,42.8277,-98.4353
520004,43.8216,-91.1292
281302,40.0693,-96.204
281301,40.5097,-97.6087
281300,40.1636,-99.3463
280139,40.9523,-98.4288
280134,40.7364,-99.1536
280133,41.3521,-96.0404
280132,41.091,-95.9526
280131,41.2509,-96.0392
280130,41.2411,-96.1983
280129,41.2346,-96.1315
280128,40.7428,-96.5853
280127,40.7743,-96.6267
280125,42.0389,-97.4272
280111,41.4696,-97.3875
520009,44.2589,-88.3495
520008,43.0107,-88.3033
280105,41.1253,-96.058
280081,41.3762,-96.0496
280077,41.4488,-96.5015
280065,41.1659,-100.7968
280061,42.1215,-103.5696
280060,41.2248,-96.0446
280040,41.2724,-96.053
280032,40.5757,-98.3613
280023,40.9543,-98.3037
280020,40.8033,-96.6485
280013,41.2402,-95.9413
280009,40.7546,-99.0086
280003,40.7808,-96.645
520011,45.5243,-91.7161
271389,45.2747,-111.3846
271348,48.685,-109.7917
271347,46.3604,-105.8762
271346,46.5418,-108.565
271345,47.1364,-109.292
271344,47.6193,-104.1011
271343,47.7142,-114.202
271342,48.7715,-105.5191
271341,48.1402,-105.6159
271340,46.1855,-114.0908
271338,45.7066,-107.7718
271335,46.1004,-113.1297
271332,47.129,-104.7665
271331,47.1228,-114.8907
271329,45.3168,-111.6377
271327,46.2458,-106.6851
271326,46.8832,-114.263
271325,47.5292,-114.1104
271323,47.5097,-114.7987
271322,48.7388,-104.623
271321,46.4669,-109.8775
271320,48.2699,-115.3289
271319,45.454,-112.083
271318,45.0561,-112.8457
271317,45.5764,-110.566
271316,48.1369,-106.7962
271314,46.3354,-112.7358
271313,45.9138,-109.9618
271312,48.0276,-107.8481
271311,48.0186,-109.9132
271310,47.3898,-106.8207
271309,46.7981,-105.5139
271308,48.0603,-104.4938
520019,45.6519,-89.3517
271307,47.8468,-112.5082
271306,46.6716,-111.0469
271305,47.5319,-105.7869
271303,46.2775,-113.4846
271302,45.7572,-104.5743
271301,46.2535,-104.2311
271300,48.226,-105.1566
270086,47.2949,-111.312
270057,45.7072,-110.8899
270049,45.5949,-108.3558
270023,46.8722,-114.0215
270017,46.0423,-112.4556
270014,46.9028,-113.9323
270012,47.279,-111.3159
270003,46.5154,-112.1994
520021,42.5747,-87.8375
261338,37.1907,-94.2921
261337,38.1956,-91.0908
261336,37.6141,-90.6598
261335,36.9933,-91.7151
261333,39.4692,-91.114
261332,39.3693,-93.4671
261331,36.8616,-94.416
261330,37.9102,-90.1558
261329,36.8911,-93.9054
261328,40.2615,-94.3114
261327,39.3397,-93.9561
261325,37.5209,-94.2868
261324,38.6291,-94.3228
261323,37.8323,-93.9902
261322,39.3237,-94.2347
261321,39.7949,-93.5624
261320,39.1645,-93.8373
261319,38.9813,-91.0116
261318,37.5855,-91.5204
261317,36.6922,-93.7985
261316,37.002,-93.7446
261315,37.9325,-90.5187
261314,38.6265,-91.4917
261313,39.7434,-92.4605
261312,40.255,-94.027
261310,40.4827,-92.2021
261309,40.0692,-93.5979
261308,37.9025,-90.9222
261307,39.4502,-93.3421
261306,40.195,-93.1311
520030,44.9618,-89.7284
520028,42.6226,-89.638
261305,40.5006,-92.9305
261303,40.3097,-95.3855
261302,37.5235,-90.3138
261301,38.1503,-94.0249
260219,38.7655,-90.7429
260216,38.9148,-94.2618
260214,38.8002,-94.5397
260200,38.7576,-90.7854
260195,37.644,-93.3777
260193,39.002,-94.2391
260191,38.7854,-90.6096
260190,38.8986,-94.3624
260186,38.1257,-92.6625
260183,37.2853,-89.5429
260180,38.7612,-90.2739
260179,38.671,-90.5458
260177,39.2746,-94.3825
260176,38.5605,-90.4193
260175,38.3812,-93.7082
260163,37.7672,-90.3746
260162,38.654,-90.4516
260160,36.7534,-89.9909
260142,39.0863,-93.1724
260141,38.9536,-92.3157
260138,39.0747,-94.5829
260137,37.0392,-94.518
260119,36.7565,-90.44
260113,36.9143,-89.624
260110,37.3255,-89.6006
260108,38.6291,-90.4212
260105,38.6251,-90.2183
520034,44.2096,-87.5867
260104,38.7583,-90.4102
260102,38.9787,-94.3864
260097,38.7966,-93.7192
260096,39.1566,-94.5845
260095,39.063,-94.3246
260094,36.7146,-92.8773
260091,38.6439,-90.335
260085,38.9745,-94.5899
260081,38.5135,-90.4614
260078,36.6823,-91.8567
260077,38.5011,-90.3797
260074,39.4252,-92.4054
260070,36.2742,-89.7139
260068,38.888,-92.241
260065,37.1294,-93.2484
520035,43.7214,-87.7418
260062,39.2724,-94.6138
260061,37.8327,-94.353
260059,37.691,-92.654
260057,39.7445,-94.2106
260052,38.5377,-91.0321
260050,40.3424,-94.8978
260048,39.0734,-94.6055
260040,37.2241,-93.3331
260034,38.262,-94.2677
260032,38.6098,-90.2631
260027,38.9844,-94.5306
260025,39.6888,-91.451
260024,37.2993,-91.9724
260023,38.155,-90.3784
520038,43.3101,-88.376
520037,44.6394,-90.2126
260022,40.1824,-92.5795
260020,38.6659,-90.4464
260017,37.9056,-91.7737
260011,38.5678,-92.2956
260009,38.6898,-93.2218
260006,39.7708,-94.7954
260001,37.0053,-94.517
251338,32.8188,-90.9049
251337,34.7567,-88.8923
251336,32.9968,-89.5347
251335,32.748,-88.6914
251334,33.3539,-89.1663
251333,30.8089,-89.5817
251331,33.8407,-89.3406
251330,31.4504,-90.8917
251329,31.1865,-88.6106
251327,31.8545,-90.4768
251326,31.6278,-89.8688
251325,31.6517,-89.5809
251324,31.1422,-90.1366
251323,32.292,-89.6806
251322,32.6181,-89.1322
251320,31.9847,-90.9774
251319,33.1184,-90.1256
251318,33.7218,-90.5217
251317,31.9668,-89.8232
251316,32.0463,-88.6355
251315,32.799,-89.5169
251313,32.8269,-90.51
251312,33.4551,-89.7051
251309,31.0821,-91.1412
520044,43.7091,-87.7514
251308,34.1988,-89.03
251307,33.0876,-88.5553
251306,31.3812,-88.8852
251305,31.5364,-90.1485
251304,33.9846,-90.1479
251302,33.8568,-88.5519
251300,32.3918,-89.4832
250168,33.7424,-89.7881
250167,34.9167,-89.8105
250162,30.2734,-89.463
250152,32.3362,-90.1462
250151,32.2856,-88.59
250141,34.9569,-89.9829
250138,32.3354,-90.0837
250136,32.3458,-90.0881
520045,44.179,-88.5308
250128,34.2905,-89.9432
250124,31.9129,-89.7048
250123,30.4699,-89.1387
250117,30.5386,-89.6314
250104,32.2642,-88.5928
250102,32.3215,-90.1629
250100,33.3899,-88.4905
250099,33.5412,-90.1585
250097,31.1829,-90.3848
250096,32.1993,-89.8861
250095,33.4723,-90.6625
250094,31.3394,-89.4171
250093,33.747,-90.7442
250085,31.2496,-89.7901
520049,44.4878,-88.0769
250084,31.5187,-91.3508
250082,33.4559,-91.0469
250081,32.2588,-88.6042
250078,31.3186,-89.4006
250077,31.6813,-88.6849
250072,32.2752,-90.2514
250069,32.2715,-88.5904
250067,33.632,-88.6865
250061,34.1488,-89.5805
250058,31.6989,-89.1527
250057,31.5611,-90.4805
250050,33.4277,-88.8326
250049,31.1238,-90.4705
250048,32.3346,-90.1644
250044,34.6522,-88.55
250043,32.813,-89.1337
520051,43.0719,-87.8793
250042,34.169,-90.5932
250040,30.3527,-88.4828
250038,32.6326,-90.0053
250036,30.8891,-88.602
250034,34.3328,-89.4942
250031,32.4648,-90.8404
250027,33.1163,-89.0078
250025,33.967,-88.4367
250020,33.5708,-89.3196
250019,30.3767,-89.099
250018,31.9461,-89.2685
250017,33.8925,-88.9646
250009,34.9023,-88.5728
250007,30.4141,-88.888
520059,42.6714,-88.2892
520057,43.4736,-89.7467
250006,34.4663,-89.0165
250004,34.2362,-88.7682
250002,34.8338,-88.2145
250001,32.3286,-90.1483
241381,48.1115,-96.2004
241380,47.0304,-95.0746
241379,45.9981,-95.9636
241378,44.3189,-94.4767
241377,46.2767,-96.5131
241376,45.5933,-95.3419
241375,44.4258,-93.9235
241374,44.0413,-96.3183
241373,46.5961,-95.5539
241372,45.0292,-96.2255
241371,43.6778,-96.227
520062,43.1139,-88.5061
241370,45.9947,-94.4012
241369,43.6373,-94.0962
241368,45.7396,-94.9962
241367,45.9244,-93.3251
241366,45.0795,-94.5694
241365,45.299,-95.5635
241364,46.7391,-92.5292
241363,45.5696,-95.9213
241362,45.3033,-93.8432
241361,44.5497,-93.5612
241360,47.3783,-93.8504
241359,44.4353,-95.7553
241357,47.5515,-95.7084
241356,46.1025,-93.646
241355,44.7772,-94.2066
520063,43.402,-88.1386
241354,46.4789,-95.1574
241353,46.5732,-93.9646
241351,44.5378,-95.1479
241350,46.4471,-92.7859
241349,45.4202,-94.6928
241348,44.3025,-96.1299
241347,44.7353,-96.3074
241346,44.4749,-92.867
241345,44.0801,-93.5287
241344,48.8025,-95.7727
241343,44.7983,-95.5865
241342,45.3327,-96.3852
241341,45.2468,-95.9909
241340,47.4761,-92.2485
241339,44.4868,-96.4231
520070,44.8317,-91.5269
241338,44.4002,-92.3414
241337,48.1695,-96.749
241336,48.792,-96.9593
241334,44.3704,-94.0266
241333,43.9732,-94.6262
241332,43.8608,-95.1345
241330,45.6528,-94.8158
241329,46.4425,-94.7888
241328,47.389,-95.3976
241327,44.2987,-94.7511
241326,45.986,-94.8676
241325,44.9881,-95.7224
241323,44.0501,-94.4223
241322,48.5198,-93.1708
241321,45.5688,-96.4689
520071,42.914,-88.8847
241320,47.7512,-96.5626
241319,44.022,-95.7818
241318,47.9792,-91.7408
241317,47.9957,-90.605
241316,47.7137,-93.53
241315,43.616,-95.0165
241314,44.9299,-96.0406
241313,47.3487,-96.533
241312,47.8491,-92.8554
241311,44.6118,-94.1224
241309,46.1469,-92.5741
241308,47.2452,-91.675
241306,44.7499,-95.0042
241305,46.4997,-93.6192
241304,45.8266,-96.47
520075,44.4775,-88.0448
241303,44.2694,-95.6277
241302,44.014,-95.4168
241301,48.605,-94.5809
241300,47.3133,-95.8226
240214,45.1364,-93.4391
240213,44.9045,-92.9294
240210,45.0062,-93.0105
240207,44.7747,-93.2526
240187,44.8938,-94.3879
240166,43.6336,-94.4448
240141,45.5952,-93.6068
240115,45.1577,-93.3061
240106,44.9477,-93.0782
240104,44.7331,-93.5064
240101,46.8581,-95.833
520076,43.4564,-88.8593
240100,47.5254,-94.8086
240093,44.1274,-93.9836
240088,45.088,-95.0238
240084,47.5849,-92.4739
240080,44.9575,-93.2459
240078,44.8689,-93.3495
240076,45.1566,-93.832
240075,46.3288,-94.1345
240071,44.3147,-93.2884
240069,44.0775,-93.2241
240066,45.0653,-92.8469
240064,47.2377,-93.5181
240057,44.951,-93.2557
520083,43.0581,-89.3678
520078,42.9928,-87.9334
240056,44.8625,-93.7941
240053,44.9511,-93.3878
240052,46.2946,-96.1041
240050,45.3182,-93.1191
240047,46.816,-92.0776
240044,44.0027,-91.6437
240043,43.6695,-92.977
240040,47.3272,-92.9419
240038,44.9202,-93.1304
240036,45.5726,-94.1983
240030,45.8693,-95.4137
240022,43.6246,-95.5994
240020,45.5883,-93.266
240019,46.8057,-92.1079
240018,44.5032,-92.5203
240014,44.4847,-93.1693
240010,44.0723,-92.517
240006,43.9625,-92.4108
240004,44.9913,-93.2771
240002,46.81,-92.0974
240001,45.0098,-93.3424
231340,43.8139,-83.0117
231339,42.6299,-85.2838
231338,43.4532,-85.9439
231337,45.7686,-87.1374
231333,46.5376,-90.1264
231332,42.2465,-85.8984
231331,42.9978,-85.0705
231330,43.3406,-83.0414
231329,43.497,-83.3995
231328,42.5156,-85.8552
231327,42.5645,-84.861
520088,43.7788,-88.4197
231326,43.0007,-84.5692
231325,44.0579,-84.4748
231324,42.5117,-84.6739
231323,43.9087,-85.5448
231322,45.2763,-85.2612
231321,46.4347,-87.754
231320,43.6148,-86.369
231319,47.2378,-88.45
231318,46.1925,-88.7662
231316,43.6127,-83.15
231315,42.0089,-86.1343
231314,43.4373,-82.8638
231313,43.7915,-82.7116
231311,43.5357,-82.7395
231310,43.8023,-83.2605
520089,43.051,-89.3719
231308,44.9722,-85.6279
231307,46.7148,-88.314
231306,45.9657,-84.7754
231305,43.9566,-83.9315
231304,46.519,-85.5187
231303,46.0941,-86.3486
231301,44.7001,-85.0216
231300,44.6372,-86.2062
230303,44.2338,-86.1935
230302,42.5497,-83.3948
230301,42.4571,-83.2131
230297,42.3577,-83.0628
230279,42.5184,-83.7791
230277,42.5945,-83.5141
230275,43.4688,-84.035
520095,43.2964,-89.7675
230273,42.3549,-83.0752
230270,42.2309,-83.2505
230269,42.5835,-83.1737
230264,42.463,-83.0619
230259,42.3249,-84.0256
230254,42.6691,-83.1226
230244,42.3311,-83.3546
230241,42.7877,-82.5202
230239,46.4087,-84.2714
230236,42.909,-85.7323
230230,42.7343,-84.5283
230227,42.5828,-82.8978
230222,43.3962,-84.4087
230217,42.2948,-84.9549
230216,42.9711,-82.4557
520096,42.7133,-87.8423
230208,43.1844,-84.8668
230207,42.6382,-83.278
230197,42.9333,-83.6248
230195,42.5229,-83.0105
230193,42.8789,-83.8619
230180,43.8355,-84.6978
230176,42.1389,-83.2112
230174,42.9967,-86.1654
230167,42.7039,-84.5172
230165,42.4122,-82.9123
230156,42.3422,-83.6966
230151,42.4505,-83.3475
230146,42.2159,-83.1562
230144,42.2764,-83.5861
230142,42.2616,-83.3759
520097,44.5572,-88.0375
230141,43.0276,-83.7837
230133,44.9914,-84.6712
230132,42.9997,-83.6963
230130,42.5147,-83.1788
230121,42.9929,-84.1964
230117,42.2598,-85.4968
230110,43.9643,-86.3941
230108,47.2228,-88.5839
230105,45.3402,-84.8886
230104,42.3659,-83.0445
230100,44.2575,-83.5945
230099,41.9593,-83.4324
230097,44.7737,-85.7039
520100,42.5623,-89.124
520098,43.0925,-89.4209
230095,44.3217,-84.2251
230093,43.6899,-85.4806
230092,42.3046,-84.4491
230089,42.3664,-82.9023
230085,42.414,-86.222
230081,44.253,-85.5447
230080,43.6027,-84.8128
230078,42.1449,-86.2407
230077,37.0018,-83.5118
230075,42.3899,-85.192
230072,42.7389,-86.0827
230071,42.4632,-83.302
230070,43.4309,-83.9724
230069,42.5585,-83.9377
230066,43.1582,-86.207
230059,42.9655,-85.6465
520102,42.7298,-88.527
230058,44.689,-84.5832
230055,45.9297,-88.0235
230054,46.5527,-87.4621
230053,42.3557,-83.0604
230047,42.6092,-82.8749
230046,42.202,-83.741
230041,43.572,-83.8338
230038,42.9609,-85.6436
230037,41.8756,-84.635
230036,45.0868,-83.4789
230035,43.1755,-85.2667
230031,42.9909,-82.4687
230030,43.3659,-84.6843
230029,42.6398,-83.3054
230024,42.41,-83.197
520103,43.1739,-88.1343
230022,41.8869,-85.0379
230020,42.3033,-83.2649
230019,42.4752,-83.2433
230017,42.3059,-85.5695
230015,41.9572,-85.6625
230013,42.6115,-83.2925
230005,41.9062,-84.0639
230003,42.8263,-85.9697
230002,42.393,-83.3538
221303,42.5559,-72.1987
221302,42.172,-73.341
221300,41.4659,-70.5511
220177,41.2793,-70.1021
220176,42.2692,-71.8103
220175,42.2817,-71.3518
520107,44.077,-87.7337
220171,42.4869,-71.1951
220163,42.2908,-71.9438
220162,42.3331,-71.1028
220135,41.3803,-70.645
220126,42.1953,-71.1824
220119,42.2942,-71.1215
220116,42.3444,-71.0694
220111,42.0665,-71.0424
220110,42.3554,-71.1112
220108,42.24,-71.0704
220105,42.4652,-71.1517
220101,42.319,-71.1591
220100,42.1778,-70.9436
220098,42.5784,-71.5737
220095,42.6049,-71.982
520109,43.7858,-90.0533
220090,42.1453,-71.5338
220088,42.3367,-71.0891
220086,42.3353,-71.1099
220084,42.4538,-71.3676
220083,42.2758,-71.2477
220080,42.5711,-71.4463
220077,42.445,-73.2778
220075,42.353,-71.0748
220074,41.7256,-71.115
220073,41.9242,-71.1158
220071,42.3475,-71.0814
220070,42.4253,-71.096
220066,42.1066,-72.5925
520116,43.2507,-88.7043
520113,45.0764,-87.6895
220065,42.1461,-72.7595
220063,42.6346,-71.3449
220062,42.304,-71.8014
220060,41.8894,-70.6188
220052,42.0779,-70.9932
220049,42.3365,-71.5542
220046,42.4442,-73.2841
220036,42.3399,-71.1558
220035,42.5219,-70.8518
220033,42.5549,-70.8616
220031,42.3408,-71.0691
220030,42.1718,-72.3121
220029,42.7978,-70.8797
220024,42.221,-72.6487
220020,41.6898,-71.1492
220019,42.0675,-72.0181
520136,43.0605,-87.9689
220017,42.2736,-71.0568
220016,42.6444,-72.6212
220015,42.3114,-72.6385
220012,41.645,-70.3106
220011,42.4184,-71.0437
220010,42.7175,-71.1351
220008,41.9479,-71.3062
220002,42.3603,-71.117
220001,42.5216,-71.776
210065,39.2053,-77.2163
210064,39.3388,-76.6963
210063,39.3961,-76.633
210062,38.7569,-76.9139
210061,38.3025,-75.2302
210060,38.7584,-76.9701
520138,42.9873,-87.9283
210058,39.3283,-76.7262
210057,39.1043,-77.1967
210056,39.3476,-76.5752
210051,38.9816,-76.8683
210049,39.5302,-76.3587
210048,39.2166,-76.832
210044,39.4179,-76.6151
210043,39.1414,-76.6345
210040,39.3676,-76.8029
210039,38.5448,-76.5853
210038,39.2874,-76.6212
210037,38.7928,-76.104
210035,38.5101,-77.0154
210034,39.2327,-76.6302
210033,39.5559,-76.9888
520139,42.9884,-88.0319
210032,39.6175,-75.8717
210030,39.1971,-76.0634
210029,39.2573,-76.5311
210028,38.2799,-76.6473
210027,39.6525,-78.7618
210024,39.3427,-76.5962
210023,38.9863,-76.5387
210022,38.9932,-77.0916
210019,38.3386,-75.6927
210018,39.1636,-77.0622
210017,39.4091,-79.3771
210016,39.075,-76.9818
210015,39.3606,-76.4974
210012,39.3434,-76.7019
520177,43.0517,-88.0234
520160,44.2803,-88.3726
210011,39.3018,-76.6761
210009,39.287,-76.5916
210008,39.303,-76.622
210005,39.4421,-77.3154
210004,38.9875,-77.0374
210003,39.0991,-76.8895
210001,39.6662,-77.6518
201315,44.2172,-70.6036
201314,44.7739,-69.6693
201313,44.7852,-69.4441
201312,44.4764,-69.0189
201311,44.6961,-67.4891
201310,44.0397,-70.7511
201309,45.1777,-69.133
520189,42.5734,-87.888
201308,46.1845,-67.8559
201307,45.9851,-68.9439
201306,44.5599,-70.6381
201305,45.1437,-67.2097
201304,44.4173,-68.2635
201303,45.4369,-68.5162
201302,43.8461,-69.6162
201301,45.7032,-69.2946
201300,44.4068,-68.5286
200063,44.1772,-69.1065
200052,47.1503,-68.7449
200050,44.3042,-68.7146
200041,44.5388,-69.5753
200039,44.3453,-69.7349
200037,44.6468,-70.1085
200034,44.0864,-70.1581
520193,44.4638,-87.9067
200033,44.83,-68.8695
200031,46.9273,-68.0117
200024,44.0977,-70.1571
200021,43.9023,-69.955
200020,43.1513,-70.6926
200019,43.4782,-70.4747
200018,46.6776,-67.9831
200009,43.6451,-70.284
200008,43.6431,-70.2867
200001,44.8511,-68.8345
191326,32.8252,-92.644
191325,29.495,-90.2342
191324,29.6827,-90.6253
191323,32.4023,-91.4924
191322,29.7781,-92.4314
520194,43.0681,-87.9139
191320,32.6035,-92.9149
191319,30.4031,-92.2337
191318,31.6852,-91.5715
191317,32.2053,-92.6728
191316,30.7127,-91.4956
191315,31.8899,-92.2033
191314,32.3587,-91.2267
191313,30.8501,-90.1185
191312,32.0357,-93.297
191311,30.8708,-92.1891
191310,29.795,-91.4869
191309,30.7336,-90.5018
191308,30.0871,-91.0138
191307,30.4394,-93.3801
191306,30.8585,-91.3503
520196,44.815,-91.4274
191305,30.0556,-90.6852
191304,32.847,-93.9689
191302,29.947,-90.06
191301,32.7986,-92.3448
191300,30.854,-90.7533
190779,29.8853,-91.039
190318,30.4549,-92.4137
190317,32.4963,-93.7616
190316,30.442,-91.1212
190313,30.033,-89.9873
190312,30.7501,-89.8927
190308,29.961,-89.9538
190303,30.4827,-90.484
190302,30.0091,-90.182
520198,44.017,-88.6213
190300,29.9408,-90.0605
190298,31.2702,-92.48
190278,32.4879,-93.7355
190274,30.0298,-90.2428
190270,30.2786,-89.8068
190267,30.4531,-90.1435
190266,30.3602,-91.098
190259,30.1714,-92.0168
190256,30.2567,-89.8049
190255,30.1658,-92.0477
190251,30.3337,-91.1002
190245,32.5441,-92.0992
190241,29.5777,-90.801
190218,31.5121,-93.5366
190208,32.8016,-91.2483
190202,30.4417,-91.0192
190201,30.1136,-93.2833
190190,32.1423,-92.057
190184,32.1231,-92.0549
190183,29.525,-90.7051
190176,30.0154,-90.1939
190167,30.737,-92.3421
190164,31.1656,-93.1754
190160,32.548,-92.1851
190151,32.4498,-91.8082
190145,31.583,-92.131
190144,32.6673,-93.2833
190140,32.1593,-91.7183
190133,30.4985,-92.9086
190128,30.3885,-90.9926
190125,32.5222,-92.0887
190118,32.0338,-93.6661
520205,42.8767,-88.0181
190116,32.5053,-93.9284
190114,32.7723,-92.9872
190111,29.6635,-82.3127
190106,30.81,-92.6315
190102,30.1597,-92.0396
190099,31.1905,-91.9423
190098,32.4983,-93.7911
190090,31.8838,-92.6662
190088,33.0002,-93.4737
190086,32.4952,-92.6416
190081,32.873,-91.4434
190079,29.8392,-90.3297
190065,30.3752,-91.086
190064,30.3922,-91.158
520207,43.3185,-87.9389
520206,43.1056,-88.4781
190060,30.2293,-93.2243
190054,30.0393,-91.7388
190053,30.2531,-92.665
190050,30.8102,-93.2407
190046,29.9072,-90.0863
190045,30.4476,-90.1272
190044,30.2125,-92.3695
190041,32.4598,-93.7213
190040,30.2712,-89.8133
190039,29.8213,-90.1484
190036,29.9516,-90.1727
190034,29.8778,-92.1993
190027,30.2334,-93.2344
190026,31.2546,-92.4808
520210,44.7482,-91.5054
520208,42.6492,-88.9578
190025,30.6327,-92.51
190020,30.6333,-91.1702
190019,31.2629,-92.4522
190017,30.542,-92.1016
190015,30.4962,-90.5051
190014,29.7817,-90.8201
190013,30.2945,-93.391
190011,32.386,-92.0469
190008,29.5896,-90.7868
190007,31.7352,-93.0775
190006,30.2059,-92.0757
190005,29.9461,-90.0718
520215,44.5584,-89.5175
520214,43.1543,-88.1055
520213,42.9723,-88.1028
520212,45.8473,-89.8131
190004,29.8215,-90.7441
190002,30.1654,-92.0688
181332,38.4019,-83.7177
181331,37.4258,-82.7374
181330,37.0542,-85.0397
181329,37.553,-84.2789
181328,36.8932,-83.8807
181327,36.8677,-88.3487
181325,37.2099,-85.5408
181324,36.7604,-86.1697
181323,37.5329,-86.8784
181322,37.12,-87.85
181321,36.7968,-84.8416
181320,37.2821,-88.2673
521302,44.5644,-91.2135
181319,37.7708,-86.5009
181318,36.7273,-86.5543
181317,36.7711,-85.3902
181316,37.2147,-83.4443
181315,37.5172,-84.693
181314,37.1792,-85.8751
181311,38.6063,-84.5851
181310,38.6425,-85.1611
181309,37.3189,-84.9568
181308,38.0215,-84.7482
181307,37.9339,-83.2611
181306,37.6616,-87.9228
181305,37.5844,-82.7904
181304,36.812,-87.8515
181302,37.7867,-84.9014
181301,37.6783,-83.9842
521303,44.2001,-89.2409
180154,36.7189,-83.7307
180149,37.1093,-85.3052
180143,38.0093,-84.3581
180141,38.2466,-85.7583
180139,37.5267,-83.283
180138,38.4288,-85.4072
180132,37.0732,-84.448
180130,38.2765,-85.6722
180128,38.0494,-82.6569
180127,38.244,-84.8531
180124,37.0588,-86.4555
180116,36.7142,-88.631
180115,37.3453,-84.3214
180105,37.0499,-86.186
180104,36.9918,-88.58
180103,38.0155,-84.5354
180102,37.0112,-88.5602
180101,38.2395,-84.5534
180095,37.3531,-88.1034
180093,37.3452,-87.4782
180092,37.9786,-84.1486
180088,38.2554,-85.7589
180087,37.3851,-85.3722
180080,36.9115,-84.1734
180079,38.4182,-84.3033
180078,37.8352,-82.7772
180070,37.4684,-86.3329
180069,37.6803,-82.2902
180067,38.0295,-84.4977
180066,36.8515,-86.8806
180064,38.0734,-83.96
521305,43.9843,-90.8007
180056,37.8047,-87.5303
180051,36.8657,-87.4554
180050,36.7781,-83.347
180049,37.781,-84.2883
180048,37.6279,-84.8224
180046,38.2015,-84.1994
180045,38.983,-84.65
180044,37.4936,-82.5232
180043,37.1674,-83.7196
180040,38.234,-85.7426
180038,37.7753,-87.0541
180035,39.0272,-84.5782
180029,37.278,-83.2011
521308,45.3457,-92.384
521307,44.608,-91.9135
180027,36.6042,-88.2718
180025,37.8178,-85.4663
180024,38.0145,-83.7331
180020,36.6202,-83.7465
180019,38.5935,-83.7592
180018,38.1911,-83.4119
180017,36.9518,-85.885
180016,38.2137,-85.2016
180013,37.0474,-86.4466
180012,37.7173,-85.8267
180011,37.1156,-84.1172
180010,38.0277,-84.5445
180009,38.4685,-82.6662
180005,37.6585,-82.7613
180004,37.1352,-87.1911
180002,37.1191,-82.8392
180001,39.1002,-84.4719
171385,38.1987,-95.7642
171384,38.4239,-96.2304
171383,37.2374,-96.9697
171382,39.5655,-95.1372
171381,38.9731,-97.2231
171380,37.6456,-95.4659
171379,38.6549,-96.458
171378,37.6297,-98.1378
171377,39.8082,-98.788
171376,37.4913,-94.895
171375,39.8375,-99.1349
171374,37.5671,-95.8489
171373,37.9217,-95.4049
171372,38.4937,-100.9156
171371,39.3251,-97.171
521310,44.8828,-88.174
171370,39.3437,-101.7826
171369,38.1016,-99.9894
171368,37.4385,-99.98
171367,38.9963,-100.2162
171365,39.8921,-96.8819
171364,39.359,-98.7385
171363,39.859,-96.6431
171362,39.408,-101.0415
171361,39.831,-97.6309
171360,39.0453,-98.1629
171359,38.4824,-101.7902
171358,38.5983,-97.6912
171356,38.3792,-96.9942
521312,42.6964,-90.1061
521311,44.9823,-90.9351
171355,38.9899,-99.9042
171354,39.4794,-96.2399
171353,39.8239,-99.3394
171352,39.8172,-100.5559
171351,39.8226,-97.0748
171350,38.8442,-98.8813
171349,39.5787,-97.6459
171348,39.8477,-99.9521
171347,39.3715,-100.3836
171346,37.1188,-98.0605
171345,38.1632,-99.1365
171344,37.4213,-95.6808
171343,37.5269,-101.7178
171342,38.5843,-99.3379
171341,39.877,-95.5705
521313,45.5103,-89.7447
171339,37.8495,-96.3148
171338,39.8818,-95.8472
171337,39.2379,-96.2904
171336,38.3799,-99.9201
171335,37.152,-101.3293
171334,37.2825,-98.6825
171333,38.5539,-98.7388
171332,37.5847,-99.2982
171331,37.0789,-98.5557
171330,38.3537,-98.1977
171329,37.0572,-97.6282
171328,39.1582,-97.6938
171327,38.7398,-98.2025
171326,39.0582,-100.8744
171325,39.3686,-99.8202
521314,45.1105,-91.4676
171324,37.5386,-101.019
171323,37.9869,-98.6011
171322,38.0153,-101.8081
171321,37.1817,-100.309
171319,39.4599,-95.6851
171318,37.1303,-96.2151
171317,37.9214,-99.4562
171316,38.2902,-95.2752
171315,39.8503,-96.0447
171314,39.3193,-95.2429
171313,38.0203,-101.3127
171312,37.1686,-99.2856
171311,39.2125,-99.3433
171310,39.7799,-101.8373
171309,39.8082,-98.2183
171308,37.1679,-94.9068
521315,45.4051,-91.8974
171307,39.7951,-101.1135
171306,38.4657,-101.4068
171304,37.2038,-99.7869
171303,38.4718,-100.4446
171301,38.2816,-98.5415
171300,38.6954,-99.9254
170208,38.8779,-94.6631
170204,37.5555,-97.2205
170203,37.1337,-94.6634
170200,37.6691,-97.4831
170199,38.9548,-94.7618
170198,38.1223,-97.9173
170197,37.7137,-97.1137
170196,37.7744,-97.2031
170194,38.9117,-94.6187
521317,44.0215,-88.1619
170191,38.3501,-98.7969
170190,39.1414,-96.5405
170188,38.9286,-94.6484
170187,38.8458,-97.6471
170186,37.7586,-97.2055
170185,38.913,-94.6913
170183,37.7862,-97.2342
170182,38.895,-94.6317
170176,38.9706,-94.7292
170175,37.7484,-100.0758
170146,39.1153,-94.772
170145,37.0538,-95.6064
170142,39.15,-96.5281
170137,39.0515,-95.1927
170123,37.7001,-97.3072
521318,45.2558,-92.6652
170122,37.7113,-97.3146
170120,37.3497,-95.27
170110,37.5889,-101.3247
170109,38.5746,-94.8676
170105,38.373,-97.6875
170104,38.9878,-94.6918
170103,38.0871,-97.2902
170086,39.0432,-95.712
170075,38.2007,-97.555
170068,37.1078,-100.8881
170049,38.9086,-94.8926
170040,39.0628,-94.595
170027,37.6177,-98.7878
170023,38.0098,-100.7805
170020,38.1453,-97.9115
521319,42.8423,-89.103
170017,37.8687,-96.7951
170016,39.0783,-95.7354
170014,38.6157,-95.3023
170013,38.8732,-99.3274
170012,38.831,-97.6673
170009,39.2659,-94.9759
170006,37.3797,-94.6997
161381,43.1841,-95.8644
161380,42.5185,-93.2567
161379,41.2921,-92.6444
161378,42.5215,-91.1433
161377,40.7127,-92.9003
161376,41.423,-94.9864
161375,42.6662,-95.1578
161374,41.6523,-95.2811
521320,43.9938,-90.5232
161373,40.6979,-94.2032
161372,42.0672,-93.8446
161371,43.3646,-91.7894
161370,42.4134,-94.9821
161369,42.0385,-95.3615
161368,42.7925,-96.189
161367,41.4396,-92.8953
161366,40.7539,-95.3501
161365,41.0747,-94.405
161364,41.0326,-91.9153
161363,41.013,-95.2247
161362,42.7379,-95.5435
161361,42.4808,-93.816
161360,43.0387,-96.0719
521322,42.8603,-90.7323
521321,43.8413,-88.8366
161359,42.0458,-96.0752
161358,40.7599,-93.3264
161357,43.1217,-94.6763
161356,40.9722,-91.5759
161355,41.2973,-93.1045
161354,42.3127,-95.4707
161353,43.0787,-94.2249
161352,40.7527,-95.0427
161351,43.4047,-94.8155
161350,42.2823,-94.7262
161349,42.1709,-92.0045
161348,41.0252,-93.7564
161347,43.0797,-92.6672
161346,43.0756,-96.1898
161345,43.426,-95.7237
521323,44.539,-90.6421
161344,41.2842,-91.7352
161343,42.5101,-91.4546
161342,41.0103,-92.8158
161341,41.0415,-93.3012
161340,40.7201,-93.7546
161339,42.7765,-92.431
161338,42.7006,-91.9184
161337,40.7279,-91.9418
161336,43.1951,-96.3246
161335,42.4856,-91.9127
161334,42.7226,-94.2341
161333,42.0316,-93.4632
161332,41.9076,-95.0375
161331,43.1148,-92.3471
161330,41.7546,-94.901
521324,45.1858,-90.3936
161329,42.1191,-90.6981
161328,43.3766,-92.1103
161327,40.7238,-92.4073
161326,41.3282,-94.0556
161325,42.0192,-94.3782
161324,40.6256,-95.6415
161323,43.3085,-92.8351
161322,41.8212,-94.1244
161321,43.4465,-96.1748
161320,42.8508,-92.1179
161319,42.8348,-91.4161
161318,43.2765,-91.5004
161317,41.7855,-92.0727
161315,41.3257,-92.1875
161314,41.6913,-94.554
521325,45.923,-90.3116
161313,41.8403,-90.5032
161312,42.7324,-91.1198
161311,43.0005,-96.4499
161310,41.2998,-94.4111
161309,41.5527,-95.9169
161308,42.7476,-93.2331
161307,43.1211,-93.8079
161306,42.1309,-91.2712
161305,42.7357,-94.7163
161304,41.0142,-94.7821
161303,42.3487,-92.7781
161302,42.7385,-93.7594
161301,42.8574,-93.63
161300,43.0701,-95.5965
521327,43.646,-88.7576
521326,44.4211,-88.7766
160153,42.4896,-96.413
160147,41.7182,-92.7034
160146,42.5428,-96.3983
160124,43.4309,-95.0735
160117,42.537,-90.6993
160112,43.1439,-95.1561
160110,42.5509,-92.2909
160104,41.5721,-90.4509
160101,41.5978,-93.6222
160089,41.0401,-92.4226
160083,41.6123,-93.6467
160082,41.5863,-93.6368
160080,41.8712,-90.2432
160079,41.95,-91.5507
160069,42.5284,-90.6978
521328,45.509,-91.1101
160067,42.4615,-92.3185
160064,43.1581,-93.1998
160058,41.6546,-91.5254
160057,40.8563,-91.2179
160047,41.2237,-95.7902
160045,42.0232,-91.6773
160040,42.5448,-92.4849
160033,41.5319,-90.5533
160032,41.7259,-93.0295
160030,42.015,-93.5874
160028,41.2337,-95.8825
160016,42.4771,-94.1888
160013,41.4591,-91.0815
160001,42.0344,-92.8819
521329,46.5775,-92.143
151334,38.693,-85.8497
151333,39.6585,-86.911
151332,39.3126,-85.4857
151331,38.1736,-86.1442
151330,40.8321,-84.9336
151329,39.277,-85.1966
151328,38.8652,-86.4523
151327,39.0974,-87.3968
151326,39.6915,-87.4618
151325,38.0412,-87.2553
151324,40.9718,-87.1261
151323,41.6202,-85.3845
151322,38.0329,-86.7103
151320,40.4252,-84.9597
151319,38.3517,-87.5799
151318,40.7682,-86.0749
521330,43.0437,-91.0498
151317,39.0372,-87.1637
151316,40.2973,-86.5125
151315,39.4488,-87.313
151314,38.5875,-86.076
151313,41.06,-86.2578
151312,40.7859,-86.771
151311,40.2818,-86.0873
151310,40.7998,-85.8249
151309,39.5417,-87.1106
151308,40.3017,-85.8348
151307,40.3046,-87.4197
151306,38.5065,-86.4575
151305,41.0774,-86.6493
151304,39.6034,-85.4333
521332,45.8462,-91.9357
521331,45.0395,-90.2843
151303,39.0002,-85.6108
151301,40.0199,-86.9106
151300,41.4588,-86.1648
150193,39.9811,-86.1679
150191,41.5916,-86.7154
150183,39.0764,-86.6031
150181,39.9442,-85.9397
150179,39.9248,-86.0189
150177,41.6804,-86.1287
150173,40.4123,-86.7747
150172,38.2751,-85.8553
150169,39.8896,-86.0082
150168,41.0705,-85.2312
150167,41.2097,-85.1083
150166,41.3969,-87.3267
521333,44.2617,-90.768
150165,41.5349,-87.5043
150162,39.6885,-86.0666
150161,39.9612,-86.1655
150160,39.8936,-86.2955
150158,39.7721,-86.4232
150157,39.9658,-86.088
150153,39.915,-86.1808
150150,41.1506,-85.1375
150149,37.9586,-87.3572
150146,41.4561,-85.2561
150133,41.2067,-85.882
150128,39.6778,-86.14
150126,41.3902,-87.3259
150125,41.5581,-87.518
150115,38.4098,-86.9409
521334,44.3137,-89.128
150113,40.1499,-85.7774
150112,39.167,-85.9933
150109,40.4296,-86.7562
150104,40.0311,-86.4413
150102,41.2956,-86.6365
150101,41.148,-85.4591
150100,38.0835,-87.5164
150097,39.5278,-85.7848
150091,40.859,-85.4842
150090,41.477,-87.5203
150089,40.2593,-85.3697
150088,40.1039,-85.6682
150086,39.1533,-84.8771
150084,39.9102,-86.1888
150082,38.1046,-87.5288
521335,44.979,-92.6957
150076,41.3494,-86.3064
150075,40.7078,-85.1733
150074,39.7924,-86.0619
150072,40.7708,-86.3532
150069,38.8269,-85.3595
150065,38.9734,-85.9099
150061,38.6631,-87.1733
150059,40.048,-85.9413
150058,41.6897,-86.2422
150057,39.5985,-86.372
150056,39.804,-86.1736
150051,39.1162,-86.4443
150048,39.8407,-84.8769
150047,41.0553,-85.1523
150046,39.3559,-87.4075
521336,46.0274,-91.3066
150045,41.3377,-85.038
150044,38.2994,-85.8479
150042,38.6187,-87.4991
150037,39.794,-85.7802
150035,41.454,-86.9828
150034,41.5141,-87.2338
150030,39.9196,-84.9333
150026,41.5511,-85.882
150024,39.7964,-86.1665
150023,39.485,-87.4047
150022,40.0506,-86.9112
150021,41.2245,-85.1192
150018,41.7252,-85.9934
150017,41.0547,-85.2284
150015,41.6723,-86.8638
521338,43.3353,-89.0422
150012,41.6983,-86.1395
150011,40.5873,-85.6272
150010,40.5263,-86.1836
150009,38.3399,-85.6865
150008,41.6313,-87.4381
150007,40.4442,-86.0795
150006,41.6085,-86.7239
150005,39.7866,-86.5684
150002,41.6304,-87.3577
150001,39.4877,-86.0285
141354,39.4078,-88.8012
141352,39.7575,-90.2062
141351,38.6477,-88.5115
141350,39.1911,-89.671
141349,38.1134,-89.7124
141347,39.2848,-89.903
141346,38.9504,-89.1384
141345,38.6442,-88.9346
141344,38.7384,-87.6218
141343,38.9929,-87.7775
141341,39.4081,-89.1044
141340,41.6454,-88.6498
141339,39.5769,-89.2714
141338,37.9506,-89.7707
141337,41.403,-89.4374
141336,38.7718,-89.6816
141335,42.4215,-88.6132
141334,37.7727,-89.3433
141333,40.1534,-90.5278
141332,39.1467,-89.4629
141331,38.0158,-89.2432
521340,44.8678,-91.945
141330,40.4113,-89.4205
141329,41.8228,-89.9609
141328,37.4076,-88.3675
141327,38.4185,-87.8472
141326,38.0786,-88.5438
141325,41.2452,-89.9501
141324,37.8641,-88.4333
141323,37.2212,-88.7327
141322,40.1307,-89.3726
141321,38.0062,-88.923
141320,39.6144,-87.6866
141319,41.4721,-90.1586
141318,40.9029,-90.6395
141317,40.4453,-88.3597
521342,45.7498,-92.0124
521341,43.3912,-90.4001
141316,40.4537,-87.6626
141315,39.5821,-90.7873
141313,40.3007,-90.0488
141312,41.9484,-89.0697
141311,38.382,-88.3429
141310,41.5246,-89.0719
141309,40.7283,-89.2771
141308,38.3316,-89.4113
141307,38.0869,-89.4193
141306,39.0314,-89.7904
141305,40.4087,-91.1129
141304,41.1977,-90.7139
141303,40.1467,-88.9443
141302,42.4076,-90.3888
141301,40.0395,-88.5918
521343,42.9455,-89.207
141300,39.2931,-90.4292
140308,42.2186,-88.3271
140304,41.7088,-88.0859
140300,41.7925,-87.6179
140292,41.9092,-88.0901
140291,42.1382,-88.1531
140290,42.0534,-88.127
140289,38.7065,-89.9689
140288,41.8241,-88.0124
140286,41.9128,-88.7539
140281,41.9069,-87.6082
140280,41.494,-90.575
140276,41.8785,-87.8321
140275,41.5085,-90.4183
140258,42.0086,-88.0183
140252,42.0539,-87.9891
140251,41.9463,-87.8184
140242,41.8642,-88.1614
140239,42.306,-88.979
140234,41.3514,-89.1351
140233,42.2495,-89.0043
140231,41.783,-88.1605
140228,42.2517,-89.0806
140224,41.9585,-87.644
140223,41.9977,-87.8403
140217,42.0374,-88.3186
140213,41.4904,-87.9572
140211,41.8899,-88.3519
140210,37.6814,-88.5109
140209,40.6909,-89.6079
521346,44.7953,-88.6243
521345,45.14,-92.5172
140208,41.6995,-87.7457
140206,41.8861,-87.668
140202,41.9055,-87.7173
140200,41.908,-87.9359
140197,41.9888,-87.645
140191,41.6187,-87.6494
140189,39.5295,-88.1733
140187,38.5945,-89.9257
140186,41.0952,-87.902
140185,38.5391,-90.0058
140182,41.959,-87.6415
140181,41.7283,-87.5365
140180,41.8902,-87.6856
140179,41.7399,-87.6943
140177,41.7769,-87.572
521347,44.948,-92.3716
140174,41.7539,-88.3903
140172,41.5227,-87.7025
140166,39.8142,-88.9148
140164,37.6675,-89.1086
140162,40.4914,-88.9851
140161,40.8819,-88.6102
140160,38.9004,-94.5128
140158,41.8544,-87.6248
140155,41.123,-87.9191
140150,41.8856,-87.6904
140148,38.5294,-89.1274
140147,38.7326,-88.0887
140145,38.6331,-89.5465
140143,41.3539,-89.2058
140137,38.9006,-89.4122
521348,43.5467,-90.9188
140135,39.8998,-88.9763
140133,41.7692,-87.6962
140130,42.2528,-87.8476
140127,40.525,-88.9468
140124,41.8869,-87.6842
140122,41.7901,-87.9283
140120,40.556,-89.6214
140119,41.8664,-87.679
140117,41.9899,-87.795
140116,42.3204,-88.3013
140115,41.9653,-87.6339
140114,41.9739,-87.7175
140113,40.1082,-88.1954
140110,41.3881,-88.8507
140103,41.7737,-87.6496
521349,44.842,-92.6237
140101,41.3706,-88.4338
140100,42.4587,-87.8558
140095,41.8371,-87.7178
140093,40.1242,-87.6447
140091,40.1009,-88.223
140089,40.4334,-90.6561
140088,41.8014,-87.5883
140084,42.3519,-87.8671
140083,42.0042,-87.7431
140080,42.0212,-87.6834
140077,38.5726,-90.108
140068,41.7032,-87.6153
140067,40.6831,-89.6081
140065,41.7813,-87.8751
140064,40.9301,-90.3959
521350,45.1421,-89.1712
140063,41.8809,-87.616
140062,41.6163,-87.8407
140054,41.8517,-87.7889
140053,38.5285,-89.1537
140052,38.9257,-90.1328
140048,41.711,-87.5464
140046,38.3372,-88.8958
140043,41.8668,-89.7501
140034,38.5005,-89.1343
140032,39.1183,-88.5684
140030,42.0262,-88.3259
140029,41.7561,-88.2224
140018,41.8618,-87.671
140015,39.9287,-91.3862
521352,42.9817,-90.1555
521351,43.545,-90.0146
140013,40.7693,-89.5952
140012,41.8112,-89.4966
140011,37.822,-89.0097
140010,42.0524,-87.6737
140008,41.9105,-87.8507
140007,41.5513,-88.1153
140002,38.9213,-90.1157
140001,40.535,-90.0432
131328,48.4282,-116.5195
131327,46.7032,-116.954
131326,42.4197,-113.8339
131325,43.3028,-112.5114
131324,43.4551,-113.361
131323,43.7291,-114.5789
131322,42.1855,-111.771
521353,45.5845,-92.0639
131321,45.9178,-116.4649
131320,46.4832,-116.1386
131319,42.6946,-113.5866
131318,43.9224,-116.4893
131317,47.2371,-116.5899
131316,42.3347,-111.2553
131315,45.8986,-116.0072
131314,47.5301,-116.0768
131313,43.6908,-111.2941
131312,45.1289,-115.7173
131311,43.4145,-115.5329
131310,42.7089,-114.4363
131309,42.7422,-111.4349
131308,45.3388,-115.0591
131307,44.3611,-116.9587
521354,42.7288,-90.4836
131305,45.0568,-113.85
131304,42.6746,-113.0785
131303,42.1715,-112.4022
131302,42.9612,-114.6929
131301,48.8281,-116.4873
130074,43.4199,-112.0058
130073,36.2894,-119.0202
130071,43.5974,-116.5335
130066,47.7104,-116.9679
130065,43.4406,-112.0134
130063,43.628,-116.2817
130049,47.7042,-116.6657
130028,42.9056,-112.3832
130025,43.8014,-111.8143
130018,43.5307,-112.1638
521355,43.9985,-88.9798
130014,43.6516,-116.6548
130013,43.5097,-116.6012
130007,43.6112,-116.207
130006,43.61,-116.0931
130003,46.2439,-116.9432
130002,42.4193,-114.532
121308,20.7253,-156.2913
121307,20.103,-155.4792
121306,22.075,-159.3381
121305,20.8563,-156.9124
121304,21.6663,-157.9523
121303,21.1371,-156.8177
121302,20.175,-155.775
121301,19.2155,-155.4627
121300,21.9815,-159.6672
521356,44.8934,-87.9285
120028,20.0425,-155.794
120026,21.4066,-157.8789
120022,21.3138,-157.8317
120019,19.5226,-155.906
120014,21.9945,-159.4004
120011,21.3498,-157.876
120007,21.5773,-157.9144
120006,21.3908,-157.7546
120005,19.6622,-155.2213
120002,20.8839,-156.5223
120001,21.334,-157.8643
111337,34.0873,-82.81
111336,34.8988,-83.3776
111335,31.8522,-81.6185
111334,33.6134,-84.5114
521358,44.8314,-87.365
111333,31.8318,-82.6208
111332,30.7681,-83.5485
111331,31.409,-83.3919
111330,33.9959,-85.2701
111329,33.5471,-83.1969
111328,31.5201,-83.906
111327,31.5501,-82.4161
111326,31.0882,-83.0655
111325,33.71,-82.7079
111324,34.889,-83.7161
111323,32.0085,-82.1248
111320,33.7419,-85.1397
111319,33.2863,-83.9777
111318,33.0329,-83.9494
111316,32.8988,-84.7401
521359,46.5652,-90.8397
111314,31.3508,-84.9385
111313,33.3235,-83.3709
111312,32.8578,-82.4144
111311,32.8206,-81.9587
111310,32.682,-83.7799
111308,31.0363,-82.7402
111306,32.4087,-81.3688
111305,31.148,-84.6846
111304,33.5853,-83.4696
111303,33.2669,-83.6919
111302,32.4258,-83.34
110779,31.5648,-83.252
530002,44.555,-105.6536
110252,33.9638,-84.1349
110237,34.5676,-84.0056
110236,34.9288,-85.2365
110234,31.2106,-83.1711
110233,33.4056,-84.7295
110230,34.0347,-84.1585
110229,33.4049,-84.6985
110226,33.7233,-84.1167
110225,34.4648,-84.4279
110215,33.4933,-84.5027
110209,31.1811,-83.8455
110201,32.9017,-83.7451
110200,32.5353,-84.9392
110198,34.0243,-84.3064
110194,31.3338,-83.9088
110192,33.3758,-84.659
110191,33.5764,-84.2106
530008,43.0328,-108.2383
530006,44.5403,-105.6541
110190,32.2693,-83.9559
110184,33.7756,-84.7885
110177,33.4775,-82.0631
110168,34.2169,-85.1661
110165,33.5529,-84.3857
110164,32.866,-83.682
110161,33.8767,-84.3634
110150,33.0555,-83.2227
110146,30.8027,-81.5116
110143,33.8402,-84.611
110142,32.179,-81.9075
110135,32.2894,-83.4776
110132,30.7958,-84.643
110129,32.5433,-85.0243
110128,32.2279,-82.4059
530011,41.3599,-108.9716
110125,32.4788,-82.9244
110124,31.5791,-82.0018
110122,30.8779,-83.3564
110121,30.7918,-84.2318
110113,33.0655,-81.9701
110111,33.5108,-82.5033
110109,32.6182,-82.3481
110107,32.8092,-83.6076
110105,31.2011,-83.857
110104,31.9605,-83.7788
110101,31.1032,-83.4318
110100,33.0197,-82.3646
110095,31.4471,-83.5859
110092,32.1804,-83.186
110091,33.7304,-84.0162
530012,43.0719,-106.334
110089,31.575,-82.8479
110087,33.9308,-84.0067
110086,33.0017,-82.8864
110083,33.7804,-84.3727
110082,34.1608,-83.9164
110079,33.7423,-84.4059
110078,33.7597,-84.371
110076,33.8129,-84.2736
110075,32.4029,-81.8123
110074,33.7914,-84.371
110073,31.733,-83.1987
110071,31.7917,-82.3533
110069,32.6662,-83.6665
110064,32.4742,-84.9771
110054,34.2377,-85.1638
530014,41.1146,-104.9079
110051,34.8611,-83.9496
110050,34.7416,-84.7641
110046,33.771,-83.7005
110045,33.9764,-83.7006
110044,32.0837,-84.3139
110043,31.9817,-81.2339
110042,33.8724,-84.7796
110038,30.7629,-84.0356
110036,32.0369,-81.0719
110035,33.9211,-84.5327
110034,33.4834,-81.9803
110032,34.5499,-83.3155
110031,33.1885,-84.2476
110030,34.1633,-84.8532
530025,41.4428,-105.5344
530015,43.4073,-110.6119
110029,34.3079,-83.8317
110028,33.4203,-81.9677
110027,34.4595,-83.1023
110025,31.1632,-81.4959
110024,32.0429,-81.1699
110018,33.0975,-84.4728
110016,33.0302,-85.1136
110015,33.7342,-84.902
110011,33.571,-85.1404
110010,33.7801,-84.3319
110008,34.2091,-84.4096
110007,31.5543,-84.1568
110006,33.9565,-83.4187
110005,34.207,-84.1941
110003,31.2219,-82.338
530032,40.9598,-110.6216
110002,32.8902,-84.3309
110001,34.7991,-84.9125
101313,25.0085,-80.5158
101312,24.7628,-80.9767
101311,30.4465,-83.4287
101309,26.5558,-81.049
101308,30.6245,-85.5697
101307,30.8396,-85.7279
101305,29.7316,-85.0392
101304,30.4102,-85.0849
101303,30.017,-82.4092
101300,27.5569,-81.7738
530034,42.7686,-106.1684
100363,29.5739,-81.2126
100361,30.0826,-81.5825
100360,26.0693,-80.2701
100359,27.156,-82.4046
100350,28.4504,-81.3377
100330,28.8939,-81.26
100329,28.6687,-81.1831
100321,30.0758,-81.8972
100320,28.1815,-81.4689
100319,28.2411,-82.3641
100316,28.0066,-80.6708
100315,28.2233,-80.7562
100314,25.66,-80.5347
100313,29.7972,-85.2986
100307,30.2662,-81.5765
100302,28.2593,-81.3049
100299,27.4207,-82.3991
531301,44.3581,-108.1713
100296,25.7289,-80.2816
100292,30.3768,-86.3507
100291,28.1426,-80.6636
100290,28.9318,-81.9042
100289,26.0465,-80.369
100288,26.7556,-80.0953
100287,26.7053,-80.0638
100286,26.2549,-81.7187
100285,25.9989,-80.4086
100284,25.7445,-80.292
100281,25.9975,-80.3316
100277,25.8131,-80.1849
100276,26.2658,-80.2474
100275,26.6592,-80.2578
100271,28.0345,-82.4512
531303,43.6911,-104.4784
531302,43.0381,-105.4051
100269,26.7673,-80.3856
100268,26.3364,-80.2099
100267,26.9772,-82.3408
100266,30.3345,-87.1202
100265,28.0261,-82.7153
100264,28.5762,-82.5238
100260,27.2905,-80.2859
100259,27.7236,-82.3531
100258,26.4616,-80.1197
100256,28.3987,-82.6685
100254,30.4921,-84.2114
100253,26.934,-80.12
100252,27.4916,-80.9038
100248,27.9301,-82.8118
100246,27.4269,-80.313
531304,43.7363,-108.4762
100244,26.6207,-81.9297
100243,27.9294,-82.3075
100242,30.2044,-85.489
100238,27.7994,-82.741
100236,26.9866,-82.0832
100232,29.7049,-81.7232
100231,30.5514,-87.2417
100230,26.0362,-80.2604
100228,26.113,-80.2944
100226,30.1562,-81.727
100224,26.2195,-80.2834
100223,30.4567,-86.6399
100220,26.5479,-81.8213
100217,27.7843,-80.5054
100213,27.4911,-82.6387
531305,42.0146,-105.119
100212,29.1704,-82.2184
100211,28.3418,-82.1997
100209,25.7455,-80.3984
100206,27.9463,-82.5052
100204,29.681,-82.3664
100200,26.1746,-80.1135
100191,28.2218,-82.6583
100189,26.2674,-80.1974
100187,25.8782,-80.3187
100183,25.7561,-80.2727
100181,25.7189,-80.3151
100180,27.7953,-82.7212
100179,30.2788,-81.5901
100177,28.1203,-80.7114
100176,26.8535,-80.1008
531306,44.01,-108.1743
100175,27.204,-81.806
100173,28.0919,-82.4297
100168,26.3479,-80.1024
100167,25.7262,-80.2379
100166,27.2759,-82.4641
100161,28.8024,-81.3215
100157,28.109,-81.9267
100156,30.2685,-82.6384
100154,25.6837,-80.3099
100151,30.2751,-81.4439
100150,24.5561,-81.9138
100142,30.3926,-85.4689
100140,30.5918,-81.4673
100137,28.2018,-81.5836
531308,44.2483,-106.7255
531307,42.165,-104.1318
100135,30.4745,-84.2094
100134,30.2892,-82.128
100132,28.0133,-82.1244
100131,25.9735,-80.1505
100128,27.9331,-82.4806
100127,27.94,-82.7778
100126,27.7366,-82.7117
100125,25.4847,-80.3933
100124,30.7966,-86.968
100122,30.7346,-86.5809
100121,27.8871,-81.797
100118,29.8099,-82.4972
100117,30.2978,-81.3978
100113,29.655,-82.3546
100110,28.3253,-81.4421
531309,44.8556,-108.1506
100109,27.5092,-81.548
100107,26.6156,-81.5739
100105,27.6501,-80.4105
100099,27.9043,-81.5671
100093,30.4479,-87.2292
100092,28.306,-80.7985
100090,29.7599,-81.3174
100088,30.2912,-81.6535
100087,27.3136,-82.5346
100086,26.2941,-80.105
100084,28.7665,-81.8946
100080,26.5777,-80.0855
100079,25.7845,-80.2224
100077,26.9669,-82.0984
531310,44.8036,-109.0524
100075,27.9487,-82.5183
100073,26.1989,-80.123
100072,29.6268,-82.6072
100071,28.6003,-82.3767
100069,28.0079,-82.5094
100068,29.222,-81.0733
100067,27.7342,-82.6587
100063,28.2271,-82.7511
100062,29.1717,-82.2207
100057,28.7874,-81.7139
100055,28.1545,-82.7741
100054,30.5249,-86.4509
100053,25.8425,-80.2893
100052,28.0691,-81.7053
100051,28.5094,-81.7396
100050,25.8605,-80.3207
531311,44.366,-104.3594
100049,27.4843,-81.3543
100048,30.9061,-87.163
100047,26.909,-82.0608
100046,28.2294,-82.2408
100045,29.0478,-81.3619
100044,27.1875,-80.2602
100043,28.0435,-82.8069
100040,30.3285,-81.6802
100039,26.1066,-80.1336
100038,26.0323,-80.1983
100035,27.4733,-82.5273
100034,25.7971,-80.1239
100032,27.7622,-82.6311
100030,28.5833,-81.5255
100029,25.8582,-80.2086
531312,44.3929,-109.6146
100028,28.7124,-81.6031
100026,30.1552,-85.6268
100025,30.4532,-87.1744
100023,29.7305,-82.3947
100022,25.7997,-80.188
100019,28.0835,-80.6135
100018,26.15,-81.8024
100017,29.1757,-81.0629
100014,28.9965,-81.0057
100012,26.6096,-81.8808
100008,25.6765,-80.3563
100007,28.5384,-81.3311
100006,28.5285,-81.3405
100002,26.511,-80.0668
531314,42.9541,-104.3051
531313,42.7128,-110.8342
100001,30.3519,-81.6836
090011,38.9419,-77.0147
090008,38.8507,-77.025
090005,38.9481,-77.0701
090004,38.9076,-77.0745
090001,38.8875,-77.0365
080009,38.9515,-75.351
080007,38.7272,-75.1511
080006,38.6404,-75.6423
080004,39.1756,-75.4906
080003,39.7366,-75.5884
080001,39.1992,-75.4649
070040,41.7989,-72.7672
070038,41.2825,-72.7727
531315,41.9922,-110.5673
070036,41.9329,-72.4296
070035,41.6821,-72.7727
070034,41.0742,-73.4052
070033,41.3622,-73.446
070031,41.3428,-73.0925
070029,41.7044,-72.7217
070028,41.232,-73.1888
070027,41.7464,-72.5323
070025,41.7588,-72.6555
070024,41.5426,-72.0884
070022,41.2936,-72.4789
070021,41.6923,-72.2274
070020,41.5521,-72.6491
070018,41.0291,-73.6394
070017,41.5229,-72.8315
070016,41.5293,-73.0342
531316,41.9719,-107.4686
070012,41.8205,-72.4508
070011,41.8189,-73.1289
070010,41.2083,-73.1797
070008,41.9659,-72.2532
070007,41.3345,-72.0905
070006,41.1184,-73.5752
070005,41.5681,-73.0586
070004,41.8475,-73.4539
070003,41.9001,-71.8748
070002,41.7926,-72.699
061344,38.5613,-105.4423
061343,38.8154,-102.422
061336,37.864,-103.4813
061328,37.2683,-107.0821
061327,37.3011,-108.7303
061326,39.0369,-105.0477
061325,40.112,-107.8341
061324,39.1452,-106.6778
061323,37.9602,-102.6325
061322,38.5642,-106.1235
061321,37.1739,-104.401
061320,38.4064,-106.9596
061319,39.2225,-106.274
061318,40.1617,-106.4226
061317,39.7605,-108.1214
061316,37.6435,-104.6681
061315,40.1241,-102.6735
061314,40.694,-107.7216
061313,39.3161,-102.2365
061312,40.4027,-105.605
061311,37.4108,-102.6918
670005,30.062,-95.219
061310,40.8833,-102.2003
061309,40.1327,-102.1794
061308,37.2981,-106.1652
061307,39.9211,-108.8081
061306,39.0045,-103.4412
061305,40.52,-102.3112
061304,40.5972,-102.5825
061303,40.2076,-103.5311
061302,39.1639,-108.8696
061301,37.7115,-106.4185
061300,38.4224,-102.7812
060132,39.5471,-105.0023
060131,40.4042,-104.8058
670006,30.2852,-97.8262
060130,38.9074,-104.7709
060129,39.8805,-105.1297
060128,40.1855,-105.0452
060126,40.5031,-105.0006
060125,39.3686,-104.9244
060124,39.7106,-105.178
060119,40.5353,-105.2604
060117,37.5372,-107.8272
060116,39.9965,-105.084
060114,39.4976,-104.6576
060113,39.5893,-104.9743
060112,39.5491,-104.8971
060107,39.7347,-104.965
060104,39.9868,-104.9924
060103,39.9518,-105.163
670010,33.2001,-97.0507
670008,29.5585,-95.1454
060100,39.6915,-104.8462
060096,39.6566,-106.3096
060076,40.6702,-103.2271
060075,39.5706,-107.348
060071,38.6299,-108.2674
060065,39.8459,-104.9697
060064,39.6819,-104.9534
060054,39.2275,-108.5946
060044,40.1057,-103.8234
060034,39.6511,-104.9769
060032,39.7272,-104.8977
060031,38.8928,-104.8241
060030,40.5328,-105.2503
060028,39.7317,-104.9616
060027,39.9899,-105.2021
060024,39.7269,-104.8426
060023,39.0728,-108.5494
060022,38.8559,-104.7901
060020,38.2893,-104.6573
060015,39.7122,-105.1927
060014,39.7474,-104.982
060013,37.5282,-107.8028
060012,38.0471,-104.7282
060011,39.7382,-105.0264
060010,40.6293,-105.0318
060009,39.7757,-105.0852
060008,37.4665,-105.8538
060006,38.5059,-107.7647
060004,39.9422,-104.8139
060003,40.1805,-105.1008
060001,40.4396,-104.6784
670023,32.5668,-97.1509
051338,36.1556,-120.4567
051337,36.9198,-121.3178
051336,36.2002,-121.0833
051335,34.2227,-116.9553
051334,34.5071,-119.2623
051333,35.6009,-117.6709
051332,38.1886,-120.6337
051331,34.5874,-120.1217
051330,41.4571,-120.4958
051329,39.0523,-122.9315
051328,39.3542,-120.2119
051327,40.3161,-121.2569
051326,39.9332,-120.9161
051325,39.4372,-123.6771
051324,37.4919,-118.4052
051323,34.7125,-114.579
670025,33.0502,-96.8156
051321,38.6148,-122.8997
051320,40.5303,-120.6457
051319,41.315,-122.3256
051318,38.4792,-122.7756
051317,38.9992,-122.6299
051316,41.7737,-122.6724
051315,40.7753,-122.9474
051314,35.6241,-118.4709
051312,34.2625,-117.1699
051311,39.3255,-121.7603
051310,39.4656,-123.351
051309,38.369,-122.5362
051308,41.469,-120.1207
051307,33.4094,-118.4189
051306,39.5069,-122.2721
670031,29.6308,-95.1407
051305,41.0226,-121.4499
051304,37.5129,-119.9689
051303,37.5341,-118.8516
051302,36.6146,-118.034
051301,35.0977,-118.5274
051300,39.829,-120.4957
050854,33.8061,-117.9614
050785,34.0521,-118.368
050784,36.1955,-119.3811
050783,39.253,-122.0177
050782,34.0716,-117.7985
050780,33.7405,-117.8346
050779,33.9281,-118.2455
050778,34.0525,-117.2416
050777,45.9415,-89.6704
670034,30.5196,-97.6364
050776,33.7475,-118.1995
050775,33.5007,-117.0321
050772,38.7231,-121.2318
050771,33.9273,-118.0675
050770,33.5889,-117.1613
050769,33.673,-117.7519
050767,38.4246,-122.0116
050766,39.034,-121.5955
050765,34.0745,-117.0871
050764,40.834,-123.0113
050763,33.031,-117.2615
050761,34.1677,-118.5376
050760,37.9682,-121.7719
050758,34.0798,-117.705
050757,32.779,-117.0603
670041,30.5599,-97.6366
050755,34.1473,-118.472
050748,37.7446,-121.2379
050747,43.6864,-104.4619
050746,33.7606,-117.7791
050745,33.8038,-117.7829
050744,33.8312,-117.9067
050740,33.9711,-118.4464
050739,33.9522,-118.3455
050738,34.0583,-118.0635
050737,34.0631,-118.1587
050736,34.0619,-118.1448
050735,33.9646,-118.0063
050726,37.6776,-120.9316
050724,35.5587,-118.9328
670043,30.5139,-97.8025
050723,34.1067,-117.9591
050717,33.9246,-118.1298
050714,37.0414,-121.9909
050710,36.8596,-119.756
050709,34.5112,-117.3059
050708,19.8284,-155.2452
050704,34.2123,-118.4435
050701,33.6011,-117.2769
050696,34.0673,-118.2285
050690,38.4996,-122.7398
050689,37.787,-121.9983
050686,33.9246,-117.5059
050684,34.1907,-117.1276
050678,33.7153,-117.9681
670044,32.8411,-96.4365
050677,34.1643,-118.6195
050674,38.4861,-121.4552
050668,37.7331,-122.4804
050663,34.0156,-118.2097
050660,34.0451,-118.218
050641,34.0229,-118.1823
050636,33.0006,-117.0007
050633,35.5235,-120.722
050625,34.0729,-118.3867
050624,34.4008,-118.5892
050609,33.8532,-117.8542
050608,35.7755,-119.187
050604,37.2169,-121.7771
050603,33.5872,-117.6851
050599,38.5498,-121.4668
050597,34.1153,-117.8473
050590,38.4897,-121.4517
670047,31.8609,-106.0081
050589,33.8713,-117.8423
050588,34.0956,-117.7985
050586,34.0215,-117.6948
050581,33.8605,-118.1515
050580,33.8521,-118.0586
050573,33.7606,-116.4325
050570,33.7158,-117.9686
050567,33.6088,-117.6834
050561,34.0317,-118.4078
050557,37.6755,-120.9607
050551,33.7942,-118.052
050549,34.2115,-118.8935
050546,36.075,-119.1362
050543,33.6423,-117.9016
670049,32.8688,-96.7493
050541,37.4841,-122.2085
050537,38.5401,-121.8106
050534,33.7209,-116.2318
050528,37.0272,-120.8839
050526,33.7274,-117.9914
050523,37.9971,-121.8154
050517,34.4632,-117.419
050516,38.6131,-121.3269
050515,32.7941,-117.0833
050512,37.6261,-122.1429
050510,37.4951,-122.1823
050506,35.2843,-120.7438
050503,33.0559,-117.2398
050498,38.9922,-121.1095
050496,37.9868,-122.0445
050492,36.808,-119.6915
670053,29.6365,-95.6211
050488,37.7472,-122.1168
050485,33.7905,-118.1864
050481,34.1811,-118.6679
050471,34.0512,-118.2762
050468,33.8937,-118.2943
050464,37.6548,-120.9996
050457,37.754,-122.4266
050455,35.3294,-119.0318
050454,37.7237,-122.428
050444,37.3478,-120.4042
050441,37.4262,-122.1547
050438,34.1218,-118.1695
050426,33.7994,-117.982
050425,38.5875,-121.4049
050424,32.8439,-117.2386
670054,29.53,-98.5916
050417,41.8606,-124.1375
050414,36.7349,-120.1401
050411,33.791,-118.2986
050407,37.8059,-122.393
050396,34.4324,-119.7016
050394,34.3022,-119.2147
050393,33.9268,-118.1251
050390,33.706,-116.9641
050382,34.0853,-117.898
050380,37.2709,-121.9184
050378,34.2489,-118.3597
050376,33.8772,-118.3337
050373,34.0663,-118.2154
050367,38.2621,-122.0188
050360,37.9334,-122.5464
670055,29.6308,-98.4966
050357,35.8688,-119.4912
050353,33.8237,-118.3663
050352,38.776,-120.0818
050351,33.8001,-118.3307
050348,33.786,-117.8811
050342,45.4344,-122.6079
050336,33.5255,-116.6604
050335,37.9896,-120.3613
050334,36.6556,-121.6362
050329,34.0855,-117.8985
050327,34.0436,-117.2659
050324,32.838,-117.2483
050320,37.8029,-122.2071
050315,35.4826,-118.7604
050313,37.7556,-121.4436
670056,30.0018,-97.8357
050309,38.7413,-121.2313
050308,37.551,-122.4925
050305,37.8641,-122.2504
050301,39.1325,-123.2558
050300,34.5825,-117.137
050298,34.9821,-116.9999
050295,35.3652,-119.0372
050292,33.8956,-117.1281
050291,38.5116,-122.7675
050290,34.0283,-118.4759
050289,37.678,-122.4647
050283,37.7804,-121.8739
050281,34.1062,-118.1244
050280,40.5892,-122.4422
050279,34.1323,-116.2773
670059,30.2333,-95.4818
050278,34.2475,-118.4429
050276,37.9902,-122.1645
050272,34.0055,-117.1637
050262,34.0658,-118.4564
050261,35.9707,-118.8901
050257,35.5482,-118.9607
050254,38.7226,-120.7728
050248,36.7186,-121.6191
050245,34.0338,-117.2757
050243,33.8666,-116.56
050242,37.0445,-121.9836
050239,32.7173,-117.2433
050238,34.1083,-118.028
050236,34.2697,-118.7631
050235,34.1788,-118.3585
670060,32.8188,-96.5349
050234,32.7142,-117.2113
050232,35.2497,-120.6102
050231,34.084,-117.754
050230,33.5933,-117.7087
050228,37.7669,-122.4211
050226,33.8495,-117.9364
050224,33.5808,-117.8142
050222,32.6115,-117.0474
050211,37.7607,-122.2931
050204,34.6025,-118.2246
050197,37.7566,-122.404
050195,37.5049,-121.9472
050194,36.9546,-121.7635
050192,36.6587,-119.4213
050191,33.7635,-118.194
670062,33.2616,-97.0034
050180,37.8981,-122.0154
050179,37.5112,-120.8585
050174,38.4523,-122.6542
050169,33.9705,-118.0211
050168,33.8807,-117.9038
050167,37.875,-121.3099
050159,34.2847,-119.2042
050158,34.1575,-118.4713
050152,37.807,-122.4356
050150,39.2006,-120.9753
050149,34.0469,-118.2566
050146,34.1283,-117.9505
050145,36.5968,-121.8776
050140,34.0834,-117.4509
050139,33.8855,-118.1468
050138,34.1202,-118.2821
050137,34.2312,-118.4324
050136,38.2524,-122.5552
050135,34.0888,-118.3392
050133,39.2301,-121.5036
050132,34.1026,-118.1048
050131,38.1165,-122.5351
050129,34.166,-117.221
050128,33.1857,-117.3125
050127,38.6895,-121.8609
050126,34.2029,-118.4543
050125,37.3642,-121.8467
050124,34.176,-118.2398
050122,36.9166,-121.3357
670068,33.0165,-97.0502
670067,32.6751,-97.1216
050121,36.2777,-119.6293
050118,37.8382,-121.2163
050116,34.2639,-118.5381
050115,33.08,-117.015
050113,37.5311,-122.3224
050112,34.0387,-118.4932
050110,34.6128,-120.3944
050108,38.5846,-121.4827
050107,34.862,-120.4958
050104,33.9218,-118.2185
050103,34.0313,-118.2315
050102,33.8818,-117.4623
050101,38.138,-122.23
050100,32.8253,-117.1267
050099,34.1003,-117.673
670069,33.145,-96.6787
050093,36.8721,-119.765
050091,33.9737,-118.2255
050090,38.5544,-122.4621
050089,34.1369,-117.3422
050084,37.9815,-121.3368
050082,34.186,-119.1605
050078,33.7482,-118.3073
050077,32.7495,-117.1545
050076,37.7833,-122.4573
050075,37.8397,-122.2029
050073,38.1225,-122.2543
050072,37.8949,-122.0389
050071,37.3485,-121.9962
050070,37.6603,-122.4299
050069,33.8071,-117.8267
050067,37.8095,-120.7734
670071,32.7355,-97.1248
050063,34.1239,-118.316
050060,36.7359,-119.7839
050058,34.1503,-118.2643
050057,36.4074,-119.3585
050056,34.704,-118.1631
050055,37.7543,-122.4292
050054,33.9202,-116.8324
050047,37.7856,-122.4096
050045,32.7695,-115.6089
050043,37.8462,-122.2771
050042,40.1615,-122.4235
050040,34.3213,-118.3708
050039,39.7541,-121.8304
050038,37.3358,-121.9434
050036,35.3418,-119.0066
670073,32.9597,-96.8187
050030,39.5945,-121.5921
050028,40.8579,-124.0428
050026,32.7853,-117.0052
050025,32.7465,-117.1675
050024,32.683,-117.1127
050022,33.9992,-117.3568
050017,38.5842,-121.4435
050014,38.3527,-120.7662
050013,38.5463,-122.4354
050009,38.3973,-122.1744
050008,37.7506,-122.4513
050007,37.59,-122.3943
050006,40.8145,-124.1448
050002,37.6151,-122.1151
670076,33.5938,-96.5629
670075,29.9893,-95.563
041332,35.5612,-91.2303
041331,36.4244,-94.4619
041330,36.4164,-90.1937
041329,36.3413,-93.5568
041328,33.3854,-91.2954
041327,33.6031,-92.1035
041326,33.8727,-91.5225
041324,35.1668,-92.7843
041323,33.1207,-92.0156
041322,36.3541,-91.8739
041321,34.0996,-93.0687
041320,33.6596,-94.1499
041318,35.0602,-93.947
041317,33.84,-92.4518
041316,35.6583,-90.0773
670077,29.7875,-95.6811
041313,35.5994,-92.5252
041312,35.4409,-91.9829
041311,34.0003,-93.8529
041310,35.8522,-92.091
041309,36.0495,-90.9214
041308,33.6185,-91.3636
041307,35.2323,-90.8215
041306,36.1506,-92.164
041305,34.9007,-94.1561
041304,36.3607,-93.7403
041303,35.575,-93.8247
041302,35.1874,-93.2076
041300,35.2297,-93.6627
040779,36.3413,-91.0575
670078,29.5761,-98.493
040161,34.6518,-92.7014
040156,35.1349,-90.1759
040154,35.0744,-92.3553
040153,33.6148,-93.6233
040147,34.8253,-92.3331
040137,34.8827,-92.249
040134,34.736,-92.4321
040132,34.5242,-92.9873
040119,35.7778,-91.6336
040118,35.8277,-90.5666
040114,34.7661,-92.3396
040088,33.1999,-92.6377
040085,34.4287,-90.6632
040084,34.4721,-92.583
040078,34.5445,-92.9776
040076,34.3456,-92.83
670080,31.0399,-97.6417
040072,34.4439,-91.5266
040071,34.1282,-92.0813
040069,35.904,-89.9012
040067,33.2364,-93.1936
040062,35.3467,-94.3777
040055,35.3718,-94.4134
040050,33.5902,-92.8352
040047,36.3279,-91.0617
040041,35.2935,-93.1581
040039,36.0858,-90.5047
040036,34.7683,-92.1369
040029,35.0552,-92.4594
040027,36.3471,-92.3928
040026,34.4594,-93.1099
040022,36.1648,-94.0673
670082,33.7359,-96.46
040020,35.8175,-90.5656
040019,35.011,-90.7343
040018,35.4595,-94.3438
040017,36.2389,-93.0784
040016,34.7376,-92.3459
040015,34.6226,-94.1926
040014,35.2259,-91.7199
040011,35.0299,-93.5208
040010,36.2956,-94.1398
040007,34.7327,-92.3486
040004,36.1353,-94.0512
040002,35.5248,-93.4973
040001,36.1723,-94.4698
031319,32.71,-109.5848
670085,32.9275,-97.2761
031318,34.2069,-111.3627
031317,33.9144,-114.239
031315,34.1502,-109.4217
031314,33.5555,-110.7635
031313,31.3914,-110.9049
031312,31.4139,-109.9177
031311,35.1912,-110.6395
031309,35.6041,-109.7147
031304,36.6448,-111.3784
031302,32.4779,-110.0172
031301,32.1557,-110.4312
031300,33.9175,-112.8715
670090,32.5505,-96.7309
670088,30.5518,-96.2698
030154,33.0204,-114.1244
030153,33.3195,-111.7349
030152,32.9308,-112.2259
030148,31.9518,-111.0939
030147,33.2611,-111.8226
030146,33.7464,-112.0814
030139,33.312,-111.6448
030138,33.3857,-112.4104
030136,33.2382,-112.1577
030134,33.3728,-111.5433
030131,33.447,-112.0057
030130,33.2657,-111.4876
030123,33.6586,-111.8188
030122,33.3501,-111.7426
030121,33.3648,-111.6236
030119,33.3399,-111.7655
030117,35.0041,-114.5642
030115,33.503,-112.255
670093,30.3451,-95.4986
030114,32.4597,-110.9766
030112,33.3121,-111.8193
030111,32.181,-110.9999
030110,33.4676,-112.4045
030108,33.5015,-112.1117
030107,33.3902,-111.7109
030105,33.4171,-111.717
030103,33.6802,-111.9282
030101,35.1025,-114.5629
030094,33.6463,-112.1986
030093,33.6876,-112.365
030092,33.6583,-112.0909
030089,33.6509,-112.1654
030088,33.4009,-111.7219
030087,33.6274,-111.8717
670098,29.6862,-98.0519
030085,32.3214,-111.0383
030083,33.6229,-111.9833
030069,34.4807,-114.3527
030065,33.3784,-111.8685
030064,32.2621,-110.9548
030062,34.3324,-110.0265
030061,33.6072,-112.2953
030055,35.1009,-113.7521
030043,31.5573,-110.1754
030038,33.5079,-111.9161
030037,33.4122,-111.953
030036,33.3252,-111.881
030030,33.5067,-112.0886
030024,33.5103,-112.1021
030023,35.3391,-111.7837
670102,29.7688,-95.1522
030022,33.4793,-111.976
030016,32.9176,-111.7319
030014,33.5703,-112.0599
030013,32.7191,-114.6594
030012,34.6102,-112.4366
030011,32.1702,-110.7378
030010,32.2335,-111.0746
030007,34.7022,-112.0249
030006,32.2547,-110.8978
030002,33.4625,-112.0488
021313,59.544,-151.1868
021312,71.27,-156.7889
021311,55.6509,-131.361
021308,64.7309,-164.6627
670106,29.5534,-95.3405
670103,32.9804,-97.3002
021307,61.1304,-147.6024
021306,57.6804,-153.3697
021305,56.2041,-131.9173
021304,56.8584,-133.1862
021302,60.1359,-149.4974
021301,61.0454,-146.2005
020024,56.2176,-131.938
020017,61.2136,-149.7983
020012,67.3766,-149.7113
020008,58.3664,-134.17
020006,61.6172,-149.0019
020001,70.0239,-149.8384
011306,33.2953,-85.508
670108,30.5907,-98.2268
670107,32.5242,-97.2876
011305,33.9246,-86.4685
011304,32.114,-88.2523
011302,34.4843,-88.0926
011300,31.462,-88.2803
010174,31.9263,-87.8418
010173,32.8157,-86.6878
010169,31.1461,-87.4952
010168,32.4876,-85.0206
010164,33.2007,-86.2401
010158,34.5142,-87.8479
010157,34.7568,-87.5805
010150,31.7507,-86.6005
010149,32.3677,-86.1588
010148,31.4757,-86.9615
010144,30.6895,-88.2994
670115,30.3358,-94.9321
670112,29.5632,-98.6317
010139,33.4489,-86.8194
010138,32.4421,-88.2034
010131,34.7354,-86.5569
010130,33.6418,-86.2701
010129,30.8506,-87.761
010128,31.4776,-87.8862
010126,31.9185,-85.8957
010125,34.2258,-87.551
010120,31.521,-87.3117
010118,32.5137,-87.0552
010114,33.4644,-87.1061
010113,30.7066,-88.0695
010112,32.4355,-87.8774
010110,32.1721,-85.6906
010108,32.5257,-86.5619
670116,32.9611,-97.3071
010104,33.4914,-86.7451
010103,33.4452,-86.8747
010102,31.9604,-87.3182
010101,33.3445,-86.0962
010100,30.4852,-87.8779
010099,31.1471,-87.0834
010097,32.5992,-86.1787
010095,32.6934,-87.6065
010092,33.1801,-87.6057
010091,31.6935,-87.8312
010089,33.8374,-87.2815
010087,30.7251,-88.0858
010086,33.9163,-87.7845
670122,30.1704,-95.4373
670120,31.9257,-106.5486
010085,34.9402,-87.2508
010083,30.37,-87.7289
010079,34.7851,-87.0897
010078,33.6372,-85.8891
010073,33.2397,-85.8567
010069,31.9829,-85.1928
010065,32.9335,-85.9338
010062,31.0499,-85.9005
010061,34.7874,-86.0961
010059,34.4457,-87.3089
010058,32.9166,-87.121
010056,33.5069,-86.8177
010055,31.1317,-85.415
670132,32.957,-97.1315
670131,30.081,-97.832
670128,30.4327,-97.6061
670124,31.6591,-106.1331
010052,32.8182,-85.7619
010051,32.93,-87.9381
010049,31.3271,-85.8381
010046,34.0675,-85.9135
010045,33.6569,-87.8182
010044,34.1563,-87.9975
010040,34.0325,-85.8528
010039,34.7129,-86.5785
010036,31.1883,-86.5676
010035,34.1522,-86.7539
010034,32.5661,-85.9355
670259,30.6416,-96.3275
670143,30.1246,-97.3318
670136,30.2764,-97.8567
670135,29.7019,-95.5942
670134,30.2382,-94.1965
010033,33.5158,-86.7856
010029,32.6991,-85.369
010024,32.3694,-86.2429
010023,32.2701,-86.1994
010022,34.1353,-85.5658
010021,31.4535,-85.5983
010019,34.7633,-87.7074
010018,33.4993,-86.7847
010016,33.2236,-86.7915
010012,34.4044,-85.7119
010011,33.6147,-86.6482
010007,31.5388,-87.3231
670267,30.1119,-95.3636
670266,30.0242,-95.2909
670265,33.0051,-96.886
670260,33.1709,-96.8617
010006,34.8328,-87.6439
671301,35.9048,-100.3131
010001,31.1308,-85.4003
